branch,radius_mm,gate_mm,reachable_voxel_coverage,reachable_patient_mean,reachable_patient_median,reachable_patient_iqr25,reachable_patient_iqr75,reachable_eligible_cases,overall_voxel_coverage,overall_patient_mean,overall_patient_median,overall_patient_iqr25,overall_patient_iqr75,overall_error_cases
pos,2.0,0.0,0.0,0.0,0.0,0.0,0.0,97,0.005790579206365307,0.005589169866994916,0.005037783375314861,0.00381858777523859,0.007334079999235006,99
pos,2.0,1.0,0.00023850230594071585,0.00021079732685583207,0.0,0.0,0.0,97,0.006025616602052,0.005794134659978351,0.005037783375314861,0.00381858777523859,0.007620545314784533,99
pos,2.0,2.0,0.010505398939041321,0.010254292582964076,0.008996575167407862,0.0068447106276355195,0.01349186272029682,97,0.016143357966901785,0.015568910946986128,0.01398636964703489,0.010607188264551638,0.020661044854749372,99
pos,2.0,3.0,0.02295521930914669,0.022354665850446324,0.020242294126667688,0.015151515151515152,0.029513034923757994,97,0.028412310021747145,0.027345677634395278,0.024892822569492462,0.01849324541247085,0.0363762687251791,99
pos,2.0,4.0,0.03268360284093905,0.031808082282897825,0.029617928719518214,0.021167557932263815,0.04149472718936268,97,0.03799936168791487,0.036546687750322514,0.033949453036589965,0.02485407770803913,0.048658498499694655,99
pos,2.0,5.0,0.048428520858909564,0.04639651631808945,0.04376784015223597,0.03042929292929293,0.059517953762911954,97,0.05351554092001059,0.050744058208491545,0.04754332962315153,0.032799404292997526,0.06633659330711728,99
pos,2.0,6.0,0.08384485801581144,0.0784727931862251,0.0726790450928382,0.05152,0.10132808657156911,97,0.08841735714055979,0.08195807915465593,0.07708553326293559,0.05159652373971629,0.10802571769952612,99
pos,2.0,7.0,0.11199691704387689,0.10374941437647628,0.1012908197668818,0.0641958967571145,0.13405598243688255,97,0.11616042910406219,0.10655589425837822,0.1015625,0.06624636640022037,0.13897987974160497,99
pos,2.0,8.0,0.13490820171771872,0.12411829073833076,0.12011105746016418,0.07544672402382528,0.16239457582272201,97,0.13873886355708068,0.1263793680521293,0.12322394065132654,0.07757981605695723,0.16650093550397355,99
pos,2.0,9.0,0.16171335035486634,0.1474480451956584,0.14537873523280057,0.08816,0.18885397717876634,97,0.1651545927544156,0.14908534878369292,0.14783081735346118,0.08899010885342071,0.1946746885048794,99
pos,2.0,10.0,0.18296013998830082,0.16581317843036508,0.16205241786637137,0.09905140083829693,0.21724684353115575,97,0.18609271359332594,0.16696023807477187,0.1654995730145175,0.099753359414161,0.22100625986335187,99
pos,2.0,11.0,0.21538264556799952,0.1938562326718133,0.1904370461707083,0.11565175254401551,0.2597873671044403,97,0.2180441919785448,0.19425639655857144,0.19473494410385864,0.11490945244881588,0.26488952875807226,99
pos,2.0,12.0,0.2427275625817498,0.21720608557190432,0.21249385145105756,0.12932103016113483,0.29821792260692465,97,0.24499184791348644,0.21698617681604498,0.21564189613982146,0.12873585422517003,0.3015133917595476,99
pos,2.0,13.0,0.2667911899758736,0.23759073524498991,0.231274472653783,0.14053254437869822,0.3328040647824706,97,0.2687058840993491,0.23683026649756703,0.2347541808122721,0.1398527358130146,0.33388451511524586,99
pos,2.0,14.0,0.28703501464906267,0.2544890041935832,0.24617910824807376,0.1495007396449704,0.35774647887323946,97,0.2886556108374506,0.2532808760055305,0.24753289473684212,0.15118112467420097,0.3595333160403552,99
pos,2.0,15.0,0.30610892274784784,0.2704950121472,0.26111416026344675,0.15874630177514792,0.37842778793418647,97,0.3074524172977627,0.2688634160725744,0.26192781081454847,0.1605710839301415,0.380866141371742,99
pos,2.0,16.0,0.3284703968427316,0.28945423829217165,0.2788047255038221,0.17243319268635723,0.4130929459128304,97,0.32948902870177715,0.287320983149405,0.28239524270502003,0.17250943353369466,0.41515594528878225,99
pos,2.0,17.0,0.35149089046718834,0.30871552705936034,0.3029425217258728,0.1833306412534324,0.4342776426273248,97,0.35217508554124166,0.30607422482684954,0.2994053381275066,0.18103013429847814,0.43732889932397473,99
pos,2.0,18.0,0.3717535442697938,0.32566776122280117,0.3148237566393047,0.19043773219189145,0.45644119826399915,97,0.37214336786321317,0.32257980635087763,0.31392615129304385,0.18755294664897298,0.4592302262942258,99
pos,2.0,19.0,0.38820643755381995,0.33954562125778154,0.3253259295026557,0.1977063479244064,0.47562855216260475,97,0.38835723704882097,0.33609189039614684,0.3255428018254737,0.19377117792176785,0.47498678099719743,99
pos,2.0,20.0,0.40503967925205675,0.35376717879344505,0.33634468380820015,0.20497496365692133,0.5012041229168673,97,0.4049459290286028,0.3499388245121405,0.3373798076923077,0.19967499722789808,0.4971951485013408,99
pos,2.0,21.0,0.42381106600488555,0.36979453005939894,0.35205003474635166,0.21256662897754805,0.5248049320874675,97,0.4234446091080702,0.3655431144077209,0.3504807692307692,0.21004099673996385,0.526037452079904,99
pos,2.0,22.0,0.44008194437122006,0.3838685924012811,0.3646977067407922,0.21968035098715136,0.5475387727579232,97,0.4394791076496013,0.37924620343215804,0.36586028812177224,0.2190495500160603,0.5475486063550785,99
pos,2.0,23.0,0.45504357060546946,0.3968492851306077,0.37784749693084163,0.22484251332579552,0.5648599269183922,97,0.45422337459270495,0.3918855203956034,0.3800304245609183,0.22579966100243348,0.5666271755263834,99
pos,2.0,24.0,0.4685478222228917,0.4086642198529025,0.3903969444823353,0.2327215931276845,0.5855663824604141,97,0.4675314393442704,0.40339020820399707,0.3919236620107869,0.2308166784688315,0.5799129814297759,99
pos,2.0,25.0,0.4810717038353681,0.4197945655950647,0.4025371709180194,0.24170245997657167,0.6019217570350034,97,0.4798733766956711,0.4142284002608851,0.4021573779560227,0.23835713075981127,0.5914312730786251,99
pos,2.0,26.0,0.4955600912836194,0.43310189011286765,0.4164506888555449,0.2528129896026207,0.6213459196102314,97,0.49415127996417535,0.4271867421229073,0.4121145069838197,0.25032137617293637,0.6140546475609516,99
pos,2.0,27.0,0.5088810727080556,0.4453000597154667,0.4295457645614514,0.26434980771969807,0.6359622411693058,97,0.5072787370327395,0.43906524238988176,0.42013552758954503,0.2602356806571381,0.6291937443114171,99
pos,2.0,28.0,0.5215066316193805,0.45711327503813576,0.4434592824989769,0.27257383966244725,0.6504263093788063,97,0.5197208745370382,0.4505694256654727,0.4296777762411838,0.2736380487128469,0.6449564961792149,99
pos,2.0,29.0,0.5338070742294493,0.4686523141811922,0.4576456145137089,0.2843881856540084,0.6690012180267966,97,0.5318426189598482,0.46180622665532395,0.43756050338818975,0.28540558498200863,0.6633343133000145,99
pos,2.0,30.0,0.5454108390511123,0.4795579802789318,0.47237757468285363,0.29648382559774966,0.6809368565545642,97,0.5432778067794681,0.47242670323871994,0.44820834149206973,0.2960414062986846,0.6782532793885008,99
pos,2.0,31.0,0.5590381076473881,0.4924151390524568,0.4909289319328877,0.3098484848484849,0.6993287009775055,97,0.5567071013456509,0.48494825102228206,0.4767965537497552,0.30959354980474135,0.6974548656637676,99
pos,2.0,32.0,0.5705841298055077,0.5034468192807997,0.5082526258354931,0.32126543732025037,0.7100459309857496,97,0.5680853853747362,0.49569213639413856,0.501272762874486,0.3200329488120599,0.7081896353305972,99
pos,2.0,33.0,0.5821489810930435,0.5145720361165732,0.5258491338153048,0.33513787853155136,0.7186432693440113,97,0.5794822249876914,0.5065273587752079,0.5233992559232427,0.33046719368797395,0.7195665865219981,99
pos,2.0,34.0,0.5934765853499331,0.5256184920366735,0.5418087573318783,0.3493486719675182,0.7287726358148894,97,0.5906452642438847,0.517286647720321,0.5425886038770316,0.34126641131880964,0.7306453325814407,99
pos,2.0,35.0,0.6041891047125545,0.5361509446920593,0.5547674259991816,0.3585833743236596,0.7370156636438582,97,0.6012021544269912,0.5275455782753073,0.5559760327972249,0.3519507574669547,0.7384833191039506,99
pos,2.0,36.0,0.6167305601791528,0.5489208844038129,0.5673168735506752,0.36956878176750285,0.7479742020836778,97,0.6135614103233372,0.5399858448605734,0.5652265321139494,0.3642718047851635,0.749883936220955,99
pos,2.0,37.0,0.6281359915042968,0.5604691214138179,0.5829983447623551,0.38055418921134615,0.7618757612667478,97,0.6248011459928599,0.5512351854159112,0.5810002718129926,0.3767412618991184,0.7610604029165318,99
pos,2.0,38.0,0.6383024661138434,0.5707399337784995,0.5903696630746147,0.3887522544679456,0.7702496954933008,97,0.6348199242437362,0.5612400461308518,0.5908372827804107,0.38687612482609895,0.7694085420681226,99
pos,2.0,39.0,0.6485681074716496,0.5811575663436445,0.6053744373209657,0.39760616494507295,0.7813143445435827,97,0.6449364285696614,0.5713878809389576,0.5953133228014744,0.39598793258004705,0.7786453767389296,99
pos,2.0,40.0,0.6584232738081789,0.5911823127115643,0.6175146637566499,0.4061321528119364,0.7892072752230611,97,0.6546484211672204,0.5811537542132467,0.6047066306249006,0.40629734912525456,0.7905723006611042,99
pos,2.0,41.0,0.6691370484460947,0.6022935321653914,0.62816,0.41800078094494336,0.8000913520097442,97,0.6652065483892516,0.5919788148580581,0.62951889100299,0.41777906771667006,0.8006472743985902,99
pos,2.0,42.0,0.6792219301615037,0.6128269349703298,0.65216,0.43030066380320187,0.8092265529841657,97,0.6751449191100247,0.6022415447825187,0.6416145691764066,0.42755542829239634,0.8094047840428393,99
pos,2.0,43.0,0.6889377609403519,0.6228898635518184,0.6637704769662413,0.4400624755954705,0.8224725943970768,97,0.6847196003869458,0.6120457185517427,0.6485458004892634,0.4373152791921692,0.8196458715752502,99
pos,2.0,44.0,0.6985280641897574,0.632908830329191,0.6729115757082089,0.44668314008743587,0.8335870889159561,97,0.6941705777714001,0.621808067448473,0.6588746942103832,0.446906731828923,0.8288298766552297,99
pos,2.0,45.0,0.7073790102907469,0.642310194245382,0.6796995203185808,0.4552366470252804,0.8458739871010419,97,0.7028929392292258,0.6309683981260646,0.66838814895352,0.45619698826895383,0.8432437218423905,99
pos,2.0,46.0,0.7170044612483963,0.6526255952386089,0.6879355597791655,0.4670675830469645,0.8566231189019349,97,0.7123785537035708,0.6410201575706811,0.6853574926542605,0.465609596214009,0.8573426472414478,99
pos,2.0,47.0,0.7261353337400426,0.6622495503249664,0.6993359567142154,0.48344300573126725,0.8668008048289738,97,0.7213767748415971,0.6503973383094133,0.6970842332613391,0.47665868067555817,0.8662327446614904,99
pos,2.0,48.0,0.7349800034645598,0.6715421465667619,0.7154451549434333,0.4957546168541711,0.8756090133982948,97,0.7300929511047994,0.6594523616743716,0.708025343189018,0.49229470917164303,0.8756868381319041,99
pos,2.0,49.0,0.7438359706667269,0.6809963135936303,0.7279881947860305,0.5087030354489492,0.8800528900642236,97,0.7388202607183237,0.6686649128167232,0.7252727912706793,0.5073967324965879,0.880853689524101,99
pos,2.0,50.0,0.751982707327544,0.6897659002303218,0.7407603890362511,0.5216514540437275,0.8836772983114447,97,0.7468486433394114,0.6772101163447617,0.7382468168462292,0.5221329697693985,0.8844951531605048,99
pos,2.0,inf,1.0,1.0,1.0,1.0,1.0,97,0.9912627940750783,0.9797979797979798,1.0,1.0,1.0,99
pos,4.0,0.0,0.0,0.0,0.0,0.0,0.0,97,0.019744378276606852,0.01904014305216138,0.01766138855054811,0.012741652636013363,0.025308342189891527,99
pos,4.0,1.0,0.0003921778348218265,0.0003416230270236672,0.0,0.0,0.0,97,0.02012538626540423,0.019364862493155964,0.01766138855054811,0.012741652636013363,0.025581549995552115,99
pos,4.0,2.0,0.018790156845667837,0.018282887899911796,0.016514016097696364,0.011918063314711359,0.02392902999883273,97,0.03799936168791487,0.036546687750322514,0.033949453036589965,0.02485407770803913,0.048658498499694655,99
pos,4.0,3.0,0.031790597409079684,0.03076803704039204,0.028733997155049786,0.020404935147105348,0.039003966505068315,97,0.050629529108762936,0.04850467750169621,0.04551741481202062,0.03224620524042954,0.06479084194383605,99
pos,4.0,4.0,0.039394772829715874,0.03796503298639615,0.03651354534746761,0.02337334175615919,0.04838709677419355,97,0.058017125566873086,0.055394582806947874,0.054207993715015224,0.035912634545481534,0.07228334440044125,99
pos,4.0,5.0,0.07172143150002928,0.06707893180604488,0.06350102669404517,0.04022346368715084,0.08634772462077013,97,0.0894230697863139,0.08325361885381531,0.07792349726775956,0.05073588487687174,0.10733774197278012,99
pos,4.0,6.0,0.11452102098660738,0.10514491031342531,0.10190151145782544,0.061853695901953276,0.13536449638286033,97,0.13100365916113915,0.11968500916222456,0.11720169594185342,0.07326492030798304,0.1559384597751416,99
pos,4.0,7.0,0.14264195436985425,0.12979940390971187,0.12805308485105182,0.07401749756978197,0.1696737837977563,97,0.1583236638124055,0.1432915392383955,0.1417108663130695,0.08577562636125524,0.18727681493712833,99
pos,4.0,8.0,0.16286457895634857,0.1473898412942841,0.14386559367499646,0.08513992905005913,0.19560495719943785,97,0.1779703160139637,0.1601325487983336,0.1594951923076923,0.0951044894523172,0.21361527898260324,99
pos,4.0,9.0,0.18848219538096003,0.16919984440822677,0.16425368353619474,0.09394297726974117,0.22894501746121984,97,0.20285830213933512,0.18102974498749344,0.17922827262892174,0.1062750179397971,0.24539431822268234,99
pos,4.0,10.0,0.21306079520422533,0.19034027758354952,0.18782831518257528,0.1040599132834056,0.2640858566500575,97,0.22673686450217842,0.20128057250746323,0.20252403846153846,0.11684472316943387,0.2786920306241012,99
pos,4.0,11.0,0.24674988985914703,0.21930290378953482,0.2151185137732223,0.12898112119902003,0.3088028618883352,97,0.25946644037101274,0.22903156572463662,0.2285927029039464,0.13550985574037475,0.3212170473083572,99
pos,4.0,12.0,0.2712966570659495,0.23996337391699826,0.2367713004484305,0.13800503872352338,0.34171779141104297,97,0.28331407676073933,0.24883092134785864,0.24972497249724973,0.14529895859244019,0.3514448352635222,99
pos,4.0,13.0,0.29264488297056884,0.25784117778647403,0.25125208681135225,0.148549034244658,0.3691624227977029,97,0.304054271371703,0.2659652664269636,0.26512651265126513,0.15803732645061935,0.3765861438916781,99
pos,4.0,14.0,0.3109078916876125,0.2729294825058509,0.2598775737340011,0.1578800037323878,0.396044895777659,97,0.32179712066819893,0.2804301730428971,0.2745124778399018,0.1661769738458559,0.4076949321681004,99
pos,4.0,15.0,0.32940646176648103,0.28849046726124183,0.276860087533531,0.16889054772790893,0.4124354177801532,97,0.33976882216575827,0.2953453652406014,0.2907957462412908,0.17506143365174753,0.42496474164512854,99
pos,4.0,16.0,0.3526824709240881,0.3083591427282977,0.2986530422666047,0.1826595226497808,0.4352546702858055,97,0.3623818937086674,0.31439069403837827,0.30963905407274234,0.1846256251558274,0.4483447738259475,99
pos,4.0,17.0,0.3734347902485236,0.32582901358719696,0.31618722574353975,0.19012826757590517,0.4644976169633304,97,0.38254315410288703,0.3311431174732246,0.3234683999446826,0.19134000871641432,0.46869330369641216,99
pos,4.0,18.0,0.39180475655688235,0.34135860235929455,0.32581667479278403,0.1974346484818964,0.4901005907711959,97,0.400389914669055,0.34603322091821803,0.33521634615384616,0.19747175487167978,0.49178736466984674,99
pos,4.0,19.0,0.4067113341940873,0.3539642969501952,0.3334745164478328,0.20376684526708883,0.5095800734472298,97,0.41487192936012923,0.35811817127565865,0.34543454345434543,0.20411678917850187,0.5150953128575788,99
pos,4.0,20.0,0.4224850323037392,0.3674221081099735,0.348863475928279,0.2079386558412269,0.530336899249561,97,0.4301963675589016,0.3710200498497823,0.3552595814079913,0.2129226079525415,0.5382398050483104,99
pos,4.0,21.0,0.4404946533937389,0.3831133906472835,0.36481716786672314,0.21740542295827245,0.5504032258064516,97,0.44769304610938887,0.3860615218346964,0.3718401739603153,0.2215708371267146,0.5619641587666439,99
pos,4.0,22.0,0.4559130995036658,0.39672515512195333,0.37904002200522624,0.22178925150186718,0.5727357320099256,97,0.4626723504481792,0.3991146381453062,0.3863821690676814,0.22855440184730197,0.5763241943732829,99
pos,4.0,23.0,0.4695501923963339,0.4088170825808922,0.3919680924219502,0.22902270483711748,0.5936724565756824,97,0.47592103733136065,0.4107112491570243,0.3991573797227507,0.235050019325692,0.5872956276699977,99
pos,4.0,24.0,0.4818999742792459,0.4198700274085402,0.4053087608306973,0.23731490621915102,0.6038488210818308,97,0.487919077861704,0.4213121184806744,0.41073157239662567,0.24411293275342202,0.6001135361397713,99
pos,4.0,25.0,0.49384611858540944,0.4307320199805469,0.4161738412873057,0.2464267483409903,0.6194521497919556,97,0.4995249770529279,0.43173216937627334,0.4195823537546674,0.25612395609162875,0.6175806955896832,99
pos,4.0,26.0,0.5088252745881496,0.4446942381318197,0.4296520423600605,0.2617406840224604,0.6425248138957816,97,0.5140775029627083,0.4451273656022708,0.4306458304522196,0.2686383253131393,0.6404586244067703,99
pos,4.0,27.0,0.5219326727428765,0.45703498256714936,0.4449181680649154,0.2728689071889606,0.6574131513647643,97,0.5268115816532283,0.4569669857145479,0.43797538376434797,0.28178842130936854,0.656347710844498,99
pos,4.0,28.0,0.5345778613065634,0.468952639431099,0.46183468573786274,0.2864864864864865,0.6716366158113731,97,0.5390966152140944,0.46840295354845485,0.44475176324159865,0.29221581292730137,0.6723562598871639,99
pos,4.0,29.0,0.5460808955915646,0.4798315901876748,0.47820107275477924,0.2972972972972973,0.6819521497919556,97,0.5502720248595342,0.47884098517935336,0.46661445075386726,0.3045299919065302,0.6865630701889469,99
pos,4.0,30.0,0.557606849360419,0.4907482934071482,0.4959427864117728,0.30987359070720877,0.6955617198335645,97,0.5614697012056181,0.48931726340492154,0.4914822792245937,0.3166092617318754,0.7009655570432801,99
pos,4.0,31.0,0.5713088807906712,0.5039462145630056,0.5129968367487279,0.3262726340963444,0.7080520732883318,97,0.5747814770739577,0.50198522496879,0.5143920109653417,0.3291681405951,0.7128494868039252,99
pos,4.0,32.0,0.5831417009822272,0.5153872635477226,0.5292256911016366,0.33655609268211367,0.7175747348119575,97,0.5862772798008862,0.5129672807348181,0.5333855492461328,0.3397203890009123,0.7251434509796728,99
pos,4.0,33.0,0.5945670636830592,0.5265921719071023,0.5451333119177643,0.3467330270546197,0.7286403085824493,97,0.5973772300719215,0.5237252338241912,0.5508290296276162,0.34906625558628207,0.7361254005711012,99
pos,4.0,34.0,0.6057008396170919,0.5376345587876904,0.5583826158712695,0.3574527820316488,0.7372227579556413,97,0.608193898429208,0.5343292605129354,0.5588142541784926,0.3591874823660062,0.7440579324564395,99
pos,4.0,35.0,0.6162157894870874,0.5480729469293566,0.5695227616558933,0.3668963757018887,0.7471070395371263,97,0.6184093658691064,0.5443536951117874,0.5746126664854581,0.3668543806019474,0.7536751556238352,99
pos,4.0,36.0,0.6288316920436285,0.5611219329259665,0.5812130380965479,0.3783818274629913,0.7626117766154884,97,0.6306659475347052,0.5568891990945908,0.5861647186735526,0.3817240324158621,0.7668725981769682,99
pos,4.0,37.0,0.6397706523649087,0.5723102882639826,0.5940035758492642,0.3883358856559469,0.7731079404466501,97,0.6412933489365177,0.5676346136760725,0.5942601369141653,0.39304055614317845,0.7753837719243685,99
pos,4.0,38.0,0.6496998820919886,0.5824693310831299,0.6077568422500343,0.3993698802772527,0.7818134535367545,97,0.6509397784710693,0.5773928924863018,0.5997773890920655,0.4030441234256772,0.7825755340353855,99
pos,4.0,39.0,0.6596507579982632,0.5925495917264715,0.6195846513546968,0.4057971014492754,0.7890950069348127,97,0.6606072376673404,0.5870782847191656,0.6231515344251868,0.41263077251887315,0.7935148156592764,99
pos,4.0,40.0,0.6693367865355673,0.6024353178542693,0.6423452768729642,0.4161280846063455,0.8003521901826987,97,0.6700173927672808,0.5965773868640986,0.635498776841533,0.42171411490724026,0.8034948120308552,99
pos,4.0,41.0,0.6802986663407007,0.6140019630930258,0.6569804748372903,0.42665350444225075,0.811879652605459,97,0.6806670608697373,0.6076964628231267,0.6459635770589834,0.43296225236145186,0.8132789905862017,99
pos,4.0,42.0,0.6904519976876787,0.6246369823565915,0.6652305435878633,0.4383078730904818,0.8239764267990074,97,0.6905312092550304,0.6179188849167577,0.6537102473498233,0.44349691670908464,0.8232248120477224,99
pos,4.0,43.0,0.6998158801463791,0.6345290383195299,0.67366394719956,0.4482277121374866,0.8352977667493796,97,0.6996283935070301,0.6274274212818336,0.6648545800489264,0.4532870255978922,0.8375451221876529,99
pos,4.0,44.0,0.7087748517236725,0.6440501128437264,0.6800806673388945,0.4563552833078101,0.8497208436724566,97,0.7083321993809857,0.6365788779817544,0.6724653438434357,0.46212716937282394,0.8512873974930278,99
pos,4.0,45.0,0.7176625182400892,0.6534754333998566,0.6878723989366579,0.4674454232094983,0.8600278551532033,97,0.71696673107516,0.6456391722589564,0.6846229187071499,0.47358257876853005,0.8633290769678315,99
pos,4.0,46.0,0.7275981144904616,0.6639622150900826,0.7040486835568803,0.4857142857142857,0.8680981595092024,97,0.7266193458043351,0.6557237136199247,0.701133909287257,0.48690066719483904,0.8713217953013919,99
pos,4.0,47.0,0.7367226156733617,0.6736351975715051,0.7194485842026825,0.49892588614393124,0.8763957816377171,97,0.7354839667384974,0.6650235515949154,0.7171770503343893,0.5022445887732905,0.8783955176470204,99
pos,4.0,48.0,0.7453123288996865,0.6827845361592978,0.73050173869846,0.5122448979591837,0.8809815950920246,97,0.7438290313242997,0.6738205153726383,0.7343290891283056,0.5175584556689163,0.8841837708664355,99
pos,4.0,49.0,0.7536613875455525,0.6918554978009911,0.7445700951355232,0.5250127616130679,0.8898684042417273,97,0.7519402955533399,0.6825418749877675,0.7455925563173359,0.5311545179987218,0.8908197354130442,99
pos,4.0,50.0,0.7618856623348842,0.7008786702805333,0.7538499751614506,0.5382384532760472,0.8973325062034739,97,0.7599303299677628,0.6912192940419535,0.7525792711784193,0.5423352424437371,0.8973184961069851,99
pos,4.0,inf,1.0,1.0,1.0,1.0,1.0,97,0.9912627940750783,0.9797979797979798,1.0,1.0,1.0,99
pos,6.0,0.0,0.0,0.0,0.0,0.0,0.0,97,0.043116991719261435,0.04139441597199671,0.03879014043012865,0.027484591855147067,0.054029589493241284,99
pos,6.0,1.0,0.0003874937374749499,0.00033836112033952385,0.0,0.0,0.0,97,0.04348439227988748,0.04170651698270631,0.03879014043012865,0.027484591855147067,0.054029589493241284,99
pos,6.0,2.0,0.017689023881095525,0.01690584041827062,0.015814712784409754,0.01152542372881356,0.020157255182273053,97,0.05988876545989396,0.057137395082067985,0.055292757279512245,0.03696002613529875,0.07472193642836747,99
pos,6.0,3.0,0.029822666165664664,0.028132119566936186,0.027468785471055617,0.018235584031542632,0.035104732350659425,97,0.07139322745929523,0.06759389683795959,0.06473641081671674,0.04245041364624244,0.08827783524586987,99
pos,6.0,4.0,0.039382149716098866,0.036873096870596964,0.0366289154167942,0.02327683615819209,0.04648516863063795,97,0.0804570116603289,0.07573643076835448,0.0723845943731221,0.04700666563872982,0.0981585299957124,99
pos,6.0,5.0,0.09082748830995324,0.08273181569695684,0.07979568671963677,0.04689922480620155,0.10567707053330057,97,0.12923469349886563,0.11834901263054139,0.11432465172622652,0.07098331665444996,0.15046271261996863,99
pos,6.0,6.0,0.1329599302772211,0.11977098857145646,0.11728939020091646,0.06701231367465975,0.15975276358017354,97,0.16918239149313072,0.15280534101717044,0.14819711538461539,0.09234942879064317,0.2024908756807673,99
pos,6.0,7.0,0.15929645749833,0.14243580029097147,0.138832707310026,0.07764095917044718,0.19511992696489336,97,0.19415325922645482,0.17391488606061087,0.1726729291204099,0.10414061549326582,0.23228895698874497,99
pos,6.0,8.0,0.17964183575484302,0.15985021356856,0.15698345517506734,0.08684381075826313,0.2247255448140259,97,0.21344364421770895,0.19014139595583712,0.18665865384615385,0.11223328679064391,0.2580889451012668,99
pos,6.0,9.0,0.2035907753006012,0.1798149228596217,0.17519880715705766,0.09591704471808166,0.25396460583773844,97,0.2361507307188928,0.20876297093493426,0.20708504152212762,0.12103210300873478,0.2917196132988345,99
pos,6.0,10.0,0.23057964888109553,0.20323586958341047,0.19979774631609362,0.11157542833263685,0.2854549455385631,97,0.2617401179145503,0.2305944606696476,0.2296875,0.13460121462362262,0.32409492511219995,99
pos,6.0,11.0,0.2633104751169005,0.23115805305780723,0.22344531808434595,0.12848897719746427,0.33383972654766425,97,0.2927737134176664,0.25664541028881965,0.25570460517217536,0.15244260402145213,0.3620903158272719,99
pos,6.0,12.0,0.28757775968603877,0.2513868667524257,0.24068188384859868,0.14078910019869428,0.36779287550495776,97,0.31578263741646895,0.27552409229586466,0.2709668621300968,0.16331517391209383,0.39779384843913157,99
pos,6.0,13.0,0.3071011815297261,0.2676114110553962,0.25541750939034963,0.1521430598921374,0.3840702947845805,97,0.334293687885183,0.2906709649079797,0.2834616795012835,0.1714643852181853,0.41876898596770645,99
pos,6.0,14.0,0.32333547302939214,0.28093837980817166,0.2658191274198209,0.16094237865455577,0.4008272601930274,97,0.34968616322481205,0.3031189795655825,0.2935096153846154,0.17837061705645615,0.4342558829265372,99
pos,6.0,15.0,0.3431772398964596,0.2977702172722766,0.2855367793240557,0.171346587415454,0.4215087650187118,97,0.3684990511911448,0.3188292825383946,0.3086008479709267,0.18661604117833402,0.4518085155750804,99
pos,6.0,16.0,0.36560360303941214,0.31740600378148104,0.3030915920254262,0.1795449887271982,0.4568245125348189,97,0.3897625132672425,0.3371657295782255,0.32673267326732675,0.19513769190054647,0.4768291757235328,99
pos,6.0,17.0,0.3851648609719439,0.3339578155377952,0.3165270153134932,0.18404435545972586,0.4847615926593479,97,0.40830943786477186,0.3526301298746186,0.3371394230769231,0.20115371795632048,0.5033033488136907,99
pos,6.0,18.0,0.4017214115731463,0.3479916092660164,0.3306867251706366,0.18712459571846604,0.5082746190398165,97,0.42400746181879356,0.36573922362745886,0.3469692851318293,0.20773706837839498,0.5268601997262665,99
pos,6.0,19.0,0.41494186289245155,0.35925500452134707,0.34503412731578215,0.1909353905496625,0.5229115262601339,97,0.4365423772424423,0.376257552602436,0.36096765425387334,0.21437920146584505,0.543981905284898,99
pos,6.0,20.0,0.4311800684702739,0.3733881034056926,0.357709987463435,0.2066859530697525,0.5493115593980147,97,0.45193856369884533,0.38946074063477626,0.37333514541995105,0.22254001401221918,0.5639199709886771,99
pos,6.0,21.0,0.449657126753507,0.3899189931469723,0.3755397687700237,0.21669130934779038,0.5722062119756645,97,0.4694575089499766,0.40490481483773405,0.3907311769502582,0.23198936115562752,0.582185369987053,99
pos,6.0,22.0,0.46343076778557113,0.40235311599575757,0.38932999024933834,0.22216461438755672,0.5895311949242157,97,0.48251692887768405,0.41653025643834973,0.4041859200869802,0.24281026292207933,0.5922577032380899,99
pos,6.0,23.0,0.4762532878256513,0.41390614536859666,0.4018665552305335,0.23642255346727156,0.6000176242509694,97,0.4946745474293094,0.4273328279443037,0.4164175047567274,0.25145539971823816,0.60744812009725,99
pos,6.0,24.0,0.48781286531396123,0.42443418804527644,0.4141245298788132,0.24680603948896632,0.6109446598519563,97,0.5056347123018573,0.4371807346096354,0.4283772764338135,0.2613115815537964,0.6227973848889138,99
pos,6.0,25.0,0.5005336193219773,0.43621496918189023,0.42666109486000836,0.2569686411149826,0.6312125484666902,97,0.5176958418173586,0.44820455156806843,0.43728391647075093,0.2707933835776848,0.6419623132813483,99
pos,6.0,26.0,0.5161442677020708,0.451049323239752,0.44504805683242793,0.2659698025551684,0.6544765597462108,97,0.5324970125509969,0.46208657425236327,0.4451666436177569,0.28663121839025973,0.6627429267404907,99
pos,6.0,27.0,0.5294743132097528,0.46371994051415694,0.46287783813901656,0.2798649838567655,0.6679514794241016,97,0.5451358392443176,0.4739457563319392,0.452772783847324,0.301210087972205,0.6788864311946727,99
pos,6.0,28.0,0.5414579158316634,0.4750747374276593,0.48084691461206297,0.2935064935064935,0.6803515379786567,97,0.5564980417673823,0.4845755468963649,0.4805169375367143,0.3126212677940736,0.6946387889478425,99
pos,6.0,29.0,0.5528322269539078,0.48593514273427363,0.49658726842178574,0.3063203463203463,0.690269930947897,97,0.5672825471126275,0.4947447950727247,0.5046015273154494,0.32356574205488353,0.7016476830227905,99
pos,6.0,30.0,0.564777993486974,0.49744519346367755,0.5102381947346427,0.3212121212121212,0.6991839296924043,97,0.5786088755068767,0.5055248262659975,0.5221527589018755,0.3360303481604644,0.711078808223502,99
pos,6.0,31.0,0.5792535592017368,0.5115399050244873,0.5276500905418582,0.3378354978354978,0.7117388575015694,97,0.5923338223760549,0.5187300910721357,0.5391410709431911,0.3464535567328153,0.7287476718799951,99
pos,6.0,32.0,0.5906539641783567,0.5227522302176961,0.5406845665095307,0.3477199743095697,0.7212806026365348,97,0.6031430684997934,0.5292406124834111,0.5534112530578962,0.35483534036196374,0.737676188461255,99
pos,6.0,33.0,0.6020269706078825,0.5340233881485024,0.5521541950113379,0.35645472061657035,0.730947897049592,97,0.613926336806114,0.5398095240823948,0.5628524436090225,0.36292986885800876,0.7472928600280759,99
pos,6.0,34.0,0.6127189274382098,0.5446151579566422,0.563085263676688,0.36467565831727683,0.7405140758873929,97,0.6240638707937584,0.5497450503724327,0.5797771133460179,0.37049163721278267,0.7578235487118606,99
pos,6.0,35.0,0.6234369781229125,0.5554542611166015,0.580721548962251,0.3728965960179833,0.7562510928484001,97,0.6342261455598962,0.5599134511423592,0.590921446045121,0.37774788869051457,0.7678398077455694,99
pos,6.0,36.0,0.6362647169338678,0.5689080255591545,0.5932581139434462,0.38561335902376365,0.7704130643611912,97,0.6463887122672202,0.5725372170291823,0.5963665086887836,0.393788191325581,0.7780596288883619,99
pos,6.0,37.0,0.6469879863894455,0.5798719946552241,0.6085805822537957,0.39319203596660246,0.7811068029608742,97,0.6565559351890566,0.5828254336464032,0.615201144856098,0.40579014137446595,0.7882474816227013,99
pos,6.0,38.0,0.656546165247161,0.5896003577710078,0.623860811930406,0.4039489311163896,0.7878921395840677,97,0.6656184823511656,0.5919551380857363,0.6282957325360152,0.41619471835099286,0.7986735609097111,99
pos,6.0,39.0,0.6666379634268537,0.5999060899764049,0.6432594817874577,0.41493467933491684,0.7998161342220179,97,0.6751869784334634,0.6016340874813481,0.6407991301984235,0.42565260147374745,0.8083201815958554,99
pos,6.0,40.0,0.6767819493152972,0.6103961775801323,0.6535861809988734,0.42562351543942994,0.8113992955491515,97,0.6848049560727478,0.6114878203606018,0.6494971459635771,0.43324208238935114,0.8191560584738711,99
pos,6.0,41.0,0.6880075254676019,0.6224866260682297,0.6608148704468645,0.4342336407553799,0.8236257884820185,97,0.695448438980581,0.6228546969615338,0.6591465072030444,0.44894896432368436,0.8318667660662684,99
pos,6.0,42.0,0.6977822833166333,0.6328196857444454,0.6698272624859182,0.44229995979091274,0.8394824269977269,97,0.7047163346041847,0.6325627913604619,0.6693394944278337,0.4593631058652562,0.8468511734126962,99
pos,6.0,43.0,0.7067572645290581,0.6422894268150299,0.67761922643635,0.45235223160434257,0.8513726175904879,97,0.7132259253669676,0.6414575129671276,0.6772220712150041,0.4670538292206583,0.8592798571166586,99
pos,6.0,44.0,0.7158757619405478,0.6519452986962886,0.6842846413819001,0.4638118214716526,0.8607648425945489,97,0.7218715904114639,0.6505340498271149,0.6895200783545543,0.4805336209013579,0.8685186547419033,99
pos,6.0,45.0,0.7250060015865063,0.6616144734851754,0.6969735342535139,0.47791279485346677,0.8675952609670189,97,0.7305283888062821,0.6596266953938422,0.7048236141108711,0.4926220599979302,0.8749401553209335,99
pos,6.0,46.0,0.7350247369739479,0.6722994954186698,0.7177409142712422,0.49592566118656184,0.8738392571245597,97,0.7400276107087985,0.6696737363245591,0.7271057786483839,0.5118246959594213,0.881410875340688,99
pos,6.0,47.0,0.7439149131596526,0.6817446406327787,0.733774590917448,0.5111989459815547,0.8813640730067243,97,0.7484567939414781,0.6785543456182425,0.7388589618021547,0.5263464627927186,0.886924656356002,99
pos,6.0,48.0,0.7523014779559118,0.6908546066779099,0.7418006838039762,0.5254721124286341,0.8888888888888888,97,0.7564084801492363,0.6871192434862498,0.7503672869735554,0.5366951605044548,0.8929644740416001,99
pos,6.0,49.0,0.7609607235303941,0.7004446564603631,0.753957198936305,0.541501976284585,0.8954530899775857,97,0.7646187074922499,0.6961440038102672,0.7537150970184572,0.5512390695542875,0.8998781522492059,99
pos,6.0,50.0,0.7695286406145625,0.7098689591766508,0.7627363445378151,0.5613566000562905,0.9027241770715096,97,0.7727423421105368,0.705015427558955,0.7551348793185045,0.5635740006402943,0.907452703850651,99
pos,6.0,inf,1.0,1.0,1.0,1.0,1.0,97,0.9912627940750783,0.9797979797979798,1.0,1.0,1.0,99
pos,8.0,0.0,0.0,0.0,0.0,0.0,0.0,97,0.0636134896620657,0.0605690114895262,0.05822154612086848,0.038713617945386664,0.07922708406363625,99
pos,8.0,1.0,0.0003933884077104128,0.00034125219818361313,0.0,0.0,0.0,97,0.06397841614484241,0.06087445997151539,0.058351282553358134,0.038713617945386664,0.07922708406363625,99
pos,8.0,2.0,0.01725308209816041,0.015866684781881985,0.0153129757320677,0.009170105456212746,0.02135290683126199,97,0.07961829926940481,0.07497296273286266,0.0723845943731221,0.046353329799667345,0.09673439963930736,99
pos,8.0,3.0,0.02811193567099394,0.02559013865076836,0.023487261146496817,0.014671919576144546,0.034114605054633415,97,0.0896915072329666,0.08380740848370895,0.08167070669401455,0.052113677745895585,0.10681662377874984,99
pos,8.0,4.0,0.03557431373725655,0.03224082489027551,0.03192735793790275,0.01848481946173738,0.04336734693877551,97,0.09661397705540202,0.08985216336002694,0.08708891595615104,0.0556067790182357,0.11539071938529333,99
pos,8.0,5.0,0.11181032011148227,0.09994176551749204,0.09713779128672746,0.05354103940306323,0.13340991138825073,97,0.16733425533967852,0.15116604392867988,0.14647082823337412,0.08972208450600687,0.1990893081140105,99
pos,8.0,6.0,0.15297074923822668,0.1354679876501814,0.13278732545649838,0.06860480912919441,0.19067334931357593,97,0.20551669878844409,0.18339855622287224,0.17944711538461539,0.10764417429610922,0.24877966530337192,99
pos,8.0,7.0,0.1780969335706999,0.156683764061257,0.1499605367008682,0.07915921288014312,0.22554940446233854,97,0.228824986207016,0.20268462719186275,0.19930621255124567,0.11606548957044771,0.28312086154597305,99
pos,8.0,8.0,0.19585942031884465,0.17164329487743726,0.16649916247906196,0.08696262995223378,0.2517525657562672,97,0.2453023446835778,0.21628509149205738,0.21538946704509618,0.12340506680754727,0.30358465643100824,99
pos,8.0,9.0,0.21758379506464237,0.1893011757899675,0.18212712397734424,0.0958997722095672,0.2847777094857611,97,0.2654549458053247,0.23236688922164128,0.23274739583333334,0.1304470894478858,0.3313784212631712,99
pos,8.0,10.0,0.25017769154348274,0.21766867923587235,0.20851688693098386,0.1127286658366057,0.32247490268387624,97,0.2956906512020307,0.25819127641231115,0.25540865384615385,0.14921758257614232,0.3716660741082385,99
pos,8.0,11.0,0.2815820881590089,0.24449003270744157,0.22804698972099854,0.13408677329757687,0.3552550706822373,97,0.32482291787793394,0.2826337405449852,0.2779217237147143,0.1655822776429552,0.4091364589245796,99
pos,8.0,12.0,0.30301975609918724,0.2623080031818261,0.24546172059984214,0.14492458214431309,0.373595034390203,97,0.34470955563087746,0.2988769393060082,0.28875674180611255,0.17474203355558596,0.43085507087510583,99
pos,8.0,13.0,0.3206435567646137,0.2769516389116469,0.2596685082872928,0.15230744999212475,0.3938936420063748,97,0.36105826205927394,0.312230617603343,0.3001201923076923,0.1824806937651205,0.4452750766797245,99
pos,8.0,14.0,0.3352642703311797,0.2889720984408738,0.27150749802683505,0.15404000630020476,0.41234692165744,97,0.3746211568293208,0.3231970791233751,0.3095093882495457,0.18686661880060462,0.45668604915791466,99
pos,8.0,15.0,0.35656325218863977,0.30752062300551664,0.2904552129221733,0.16112773665144117,0.4446401610468042,97,0.394379142534099,0.3401125594963953,0.3317660074678468,0.19383808312514095,0.4811541269300628,99
pos,8.0,16.0,0.37836230405590116,0.32678533651109787,0.3104804720427086,0.1672704362891794,0.4830252399573409,97,0.4146010178356272,0.35770045997722016,0.34587194025722584,0.20222539988259075,0.5160543681991374,99
pos,8.0,17.0,0.39601810920195496,0.34183314933347775,0.33127282944647374,0.17879181552452095,0.505019463224749,97,0.4309794131982157,0.37143640888232143,0.3568023469013568,0.21112825625960968,0.539971752858861,99
pos,8.0,18.0,0.41107355029704157,0.3546850056256515,0.34644563079516716,0.19080870412471582,0.5253021921737349,97,0.4449455826577039,0.38316618905432365,0.36776297907039956,0.21932904364889622,0.5552104910276165,99
pos,8.0,19.0,0.4231059014928757,0.36508224950145546,0.3576847429053105,0.20053386720053387,0.5404630198729768,97,0.4561073848749725,0.392661238335235,0.37863549877684155,0.22493883846867319,0.5642771217089645,99
pos,8.0,20.0,0.44009361310583484,0.38027953384042373,0.3717336330429896,0.2089278701400707,0.5664822782216759,97,0.4718660237363029,0.4065381379705522,0.392226148409894,0.23532074687484422,0.5812992504716716,99
pos,8.0,21.0,0.45812547089925926,0.39687819628111365,0.3894352346164653,0.22385128943579002,0.590221187427241,97,0.4885932640756474,0.4217140177284346,0.4083805835983958,0.24592579003558557,0.6019884923912586,99
pos,8.0,22.0,0.4713433213983291,0.40893423906653825,0.4022197246417533,0.23186259994077585,0.6013253335721321,97,0.5008547938969448,0.4327440621836585,0.4184760060849122,0.2566427499909893,0.6173924019916657,99
pos,8.0,23.0,0.48350369051667236,0.4200484570860046,0.4154256813711717,0.24193070772875333,0.6131911440825316,97,0.5121353518509814,0.44291476865833274,0.4298160696999032,0.2668758931276184,0.6329363534973145,99
pos,8.0,24.0,0.4947719347375299,0.43039071485879143,0.42975554931160437,0.25056828116803637,0.6325489741509215,97,0.5225883307644158,0.45237820393932276,0.43783709030562856,0.27515858303115237,0.6467161783166039,99
pos,8.0,25.0,0.5083991758846238,0.4432643412499529,0.44450688395616744,0.26054951639133783,0.6505741127348643,97,0.5352296315355859,0.4641673145893752,0.4462729912875121,0.28717089895967207,0.6658333216670633,99
pos,8.0,26.0,0.5246241140426326,0.45896748675874616,0.4678280415847148,0.2750447227191413,0.6660696695621027,97,0.5502806841320069,0.47855528767040817,0.46250244762091247,0.3090165965831565,0.6864055288786848,99
pos,8.0,27.0,0.5374832476546717,0.4712589133181707,0.48567013205956727,0.2911449016100179,0.6740605427974948,97,0.5622094504825689,0.48981680863577653,0.4918738985705894,0.3204995090136089,0.6980193572140743,99
pos,8.0,28.0,0.5495356016508978,0.4828311906802674,0.5005619556055072,0.3054561717352415,0.6838465553235908,97,0.5733898082837074,0.5004266275875482,0.516545917368318,0.3308741829580165,0.7054457522320248,99
pos,8.0,29.0,0.5605358083465019,0.49342380010397746,0.5144703568418095,0.3146433694093102,0.6940240083507306,97,0.5835941423732839,0.5101364847468634,0.530307148681707,0.33940143796750066,0.7116997255410874,99
pos,8.0,30.0,0.573074897152268,0.5057488350661429,0.5236015803701394,0.32794366931803365,0.7044624217118998,97,0.5952260193819259,0.5214474351362351,0.5415873878771406,0.3465056131982955,0.7253402663174814,99
pos,8.0,31.0,0.5876622727181805,0.5201532368513535,0.5321049692908989,0.33980962315816926,0.7184026348291478,97,0.6087579881788561,0.5346675907056151,0.5595500893514138,0.35668397460181844,0.7431998471790691,99
pos,8.0,32.0,0.5989891918201882,0.5313420754325502,0.5427312775330396,0.34893727995827356,0.7267745302713987,97,0.6192653968049758,0.5449438220805944,0.5731176950258222,0.3653650619169676,0.7511216959714994,99
pos,8.0,33.0,0.6098573800332047,0.5421837467178231,0.5637507866582756,0.35715217107836744,0.7381339108464177,97,0.6293472640410103,0.5549050588061727,0.5856210926882305,0.3736254574251999,0.7626819937261617,99
pos,8.0,34.0,0.6203495155988505,0.5528134564133462,0.5831694296150605,0.3644542965184509,0.7507670095650605,97,0.6390802863002887,0.5646768229643078,0.5958399157451291,0.38267230700492766,0.771855362138524,99
pos,8.0,35.0,0.631519079337774,0.5643016581448876,0.5972183197527395,0.37371234841569956,0.7673502283513925,97,0.6494417243332978,0.5752381953367004,0.6075687708697726,0.3931711835645451,0.7783594641548648,99
pos,8.0,36.0,0.6443768794297868,0.5777237172412193,0.6111859838274932,0.38988629563135846,0.7794394197188144,97,0.6613692536449352,0.5875795340400548,0.621500407719489,0.4101420505404044,0.7920207758962191,99
pos,8.0,37.0,0.6548836837157203,0.5884964682043895,0.6312698565514585,0.4042489527229204,0.7867824841049521,97,0.6711158833323849,0.5974924683598059,0.6333242729002446,0.4216992224459465,0.8027668895822639,99
pos,8.0,38.0,0.6644050167023383,0.5982430821472542,0.6415711947626841,0.41210020129724895,0.7970320727620871,97,0.6799483412545059,0.6064641264098404,0.6444686055993476,0.4295874609836434,0.8134109340441218,99
pos,8.0,39.0,0.674427753218784,0.6086616661186947,0.6498507750072205,0.4171326325206889,0.8122743682310469,97,0.6892459258123016,0.6160587300812728,0.654389779831476,0.43787974199662194,0.826090070942564,99
pos,8.0,40.0,0.6844624914154648,0.6193177300689495,0.6570713391739674,0.4255200178930888,0.8274480340596043,97,0.6985546437204193,0.6258741810201369,0.6618646371296548,0.4480350939148783,0.836956489483909,99
pos,8.0,41.0,0.6957187339560872,0.631371824253259,0.6648695484740541,0.4393089190785588,0.8417297612114153,97,0.7089964892835318,0.6369861752295505,0.673824408806741,0.4634899086737506,0.8520437304374304,99
pos,8.0,42.0,0.7055934497496316,0.6417630907072011,0.6742081447963801,0.4545182525433872,0.8553061669208978,97,0.7181567625206895,0.6465567070536525,0.6842556317335945,0.47516659377120085,0.8662832136030948,99
pos,8.0,43.0,0.714746731209036,0.6514935183869248,0.6820063540964667,0.46199880311190905,0.8609718893005012,97,0.7266477976996024,0.6555289767922255,0.6972331047992164,0.4887155635810512,0.8722312452290448,99
pos,8.0,44.0,0.7235292941011742,0.6607369359372322,0.6934523809523809,0.47248267427639623,0.8670823761076468,97,0.7347949360574579,0.6640521108163444,0.7095932325413967,0.4983718740427212,0.8775282653187464,99
pos,8.0,45.0,0.7325452229978864,0.6703252618916082,0.7120859213250518,0.4902706329680161,0.8738103052182474,97,0.7431585562271302,0.672896217939004,0.7224568813797958,0.5107708333394028,0.8848572772656804,99
pos,8.0,46.0,0.7425692930343581,0.6811124038539506,0.7294254658385093,0.5105992662046474,0.8788407060361735,97,0.7524573778238506,0.6828449775161278,0.7440009794319294,0.5311876414304344,0.8892125930590038,99
pos,8.0,47.0,0.7516105588115669,0.6909425760183694,0.7426154672395274,0.5258866693844272,0.8880899918821755,97,0.7608445017330915,0.6919139828614422,0.7535257927117842,0.5469987377453955,0.8963250760024799,99
pos,8.0,48.0,0.7601744244194187,0.700478630948523,0.7510741138560687,0.5428315813017222,0.8962078163052302,97,0.7687887657073017,0.7007183546130507,0.754850922858495,0.5584533221205978,0.9032217782217782,99
pos,8.0,49.0,0.7688049660285773,0.7099951440995247,0.7568474758324383,0.55893536121673,0.9062971123738838,97,0.7767948816277453,0.7095121876416969,0.7563653573118788,0.5690182243619311,0.9109154130266253,99
pos,8.0,50.0,0.7774381746777882,0.7194356936420956,0.760875402792696,0.5794551645856981,0.9162553560774529,97,0.7848034716260381,0.7182388723956459,0.768075011296882,0.5817167136772108,0.9179246066128566,99
pos,8.0,inf,1.0,1.0,1.0,1.0,1.0,97,0.9912627940750783,0.9797979797979798,1.0,1.0,1.0,99
pos,10.0,0.0,0.0,0.0,0.0,0.0,0.0,97,0.08382794273004594,0.07872164779227779,0.07626328547454783,0.04916878205403173,0.10120303788708224,99
pos,10.0,1.0,0.00035034912221867785,0.0003054786006318863,0.0,0.0,0.0,97,0.08414586173368531,0.07898745157319556,0.07626328547454783,0.04916878205403173,0.10120303788708224,99
pos,10.0,2.0,0.014568797934439728,0.012978930680871621,0.012422360248447204,0.007185906351414001,0.018004660029654736,97,0.09704817771796008,0.09021306961423171,0.08856983031885139,0.05593514738868634,0.11467447494248914,99
pos,10.0,3.0,0.02490477865296897,0.021931061921398327,0.01969100272644653,0.012172477821332784,0.029198901921637134,97,0.10642740684478377,0.09815134414304236,0.09645206766917293,0.06066579086100236,0.12614460579925696,99
pos,10.0,4.0,0.032706521946577895,0.028691367661889466,0.02553885165730846,0.015331747290510176,0.03886438809261301,97,0.1135069806106519,0.10414581444356161,0.10375275938189846,0.06384817589627097,0.1351878795740566,99
pos,10.0,5.0,0.13220294620436943,0.11675801482756124,0.11306420378370326,0.057593210063655656,0.16188077246011756,97,0.20379350356638323,0.18187475438648268,0.17660074678467708,0.10699322030988798,0.24518738628649622,99
pos,10.0,6.0,0.17079587869468368,0.14954486558468935,0.14350745419369523,0.07242990654205607,0.21836313617606604,97,0.23881407552370043,0.21090395240971543,0.20887206979922213,0.12129973798896264,0.29372802784610497,99
pos,10.0,7.0,0.19339407869086667,0.16827634845972095,0.1604349769104722,0.08210993513144418,0.25375979665325143,97,0.259320469777902,0.22751928127520368,0.22947545464101757,0.1289679592030226,0.31929948353080684,99
pos,10.0,8.0,0.20998590424154187,0.1818929615485413,0.17384179949352005,0.09157677300895112,0.2744864697055932,97,0.2743764705300217,0.23960141778416058,0.23551432291666666,0.13403999954954943,0.34588448129898924,99
pos,10.0,9.0,0.22902608396927834,0.19709534439679166,0.18650379859973187,0.09969272789347901,0.2944649446494465,97,0.29165419319084296,0.25311380095866787,0.24477942193334254,0.14085404814699748,0.3746925391458673,99
pos,10.0,10.0,0.2665434310221197,0.2301591352411566,0.22010065127294257,0.11866705415092511,0.3345082530949106,97,0.32569874143659805,0.2825293638602975,0.27796985202599916,0.1631000941000305,0.4060625644884183,99
pos,10.0,11.0,0.2962903889829515,0.25555929348081446,0.24048509869694232,0.13864245925314628,0.3681224209078404,97,0.3526921678117524,0.30513757882472586,0.2924278846153846,0.17760913079642968,0.43819100306945624,99
pos,10.0,12.0,0.3159930966227435,0.27193691089559385,0.2528705973422784,0.14338766247163193,0.3910701241782323,97,0.3705710913899617,0.31972132553327776,0.3049666868564506,0.18618399476994454,0.4526027482700992,99
pos,10.0,13.0,0.33172881614714117,0.28505996313767135,0.2634107285828663,0.1471012997730555,0.4121708709261646,97,0.3848502316973906,0.3314140223998729,0.3176862507571169,0.19050380389699112,0.46573047714636345,99
pos,10.0,14.0,0.34521384928716903,0.2962218007305782,0.27301841473178545,0.15081493707447907,0.43491069784570063,97,0.3970870207401946,0.34136169637647906,0.3266491494952289,0.19416715311636062,0.48348486709978244,99
pos,10.0,15.0,0.3686218056203088,0.3171815182245066,0.3009086846417399,0.15908289241622575,0.4634326976485836,97,0.4183282161156483,0.3600540389320708,0.3469013568023469,0.20306564160987806,0.5196762171945677,99
pos,10.0,16.0,0.38910973152624073,0.3354576716018814,0.3303141805830739,0.17280917280917282,0.4972492594159966,97,0.4369196741144657,0.3763626593238501,0.3612027869453612,0.21313095680989247,0.5453771988821372,99
pos,10.0,17.0,0.4050908317588071,0.3491948616829491,0.34630625530710446,0.18624078624078624,0.5201015658061786,97,0.4514214814283346,0.3886148085288147,0.37224789344930687,0.22250419037948488,0.5581365879747692,99
pos,10.0,18.0,0.41872173009757974,0.36099731898749315,0.35989244268327203,0.19706582077716098,0.5362490869247626,97,0.463790633636078,0.3991528293332454,0.3852949170970372,0.23052711903898077,0.5676729026868599,99
pos,10.0,19.0,0.4303323272724298,0.37129620014701187,0.37017640573318633,0.20737100737100736,0.5464755295836377,97,0.47432649415746514,0.4083540261593959,0.39496611810261373,0.23551982457631326,0.5791184966377809,99
pos,10.0,20.0,0.4487236113496757,0.388186259599494,0.38564958958392304,0.21940035273368608,0.5784331628926224,97,0.491015386290145,0.4234431675601116,0.4100298994291927,0.24811574984622936,0.6052651743174066,99
pos,10.0,21.0,0.4665886901305153,0.40480844552164663,0.4048966883668271,0.2302119181307734,0.5973338203067933,97,0.5072267813979034,0.43833738782583515,0.4269119070667957,0.2613926574951743,0.6261802765372644,99
pos,10.0,22.0,0.4789490616914365,0.4162638643605692,0.4207472403056892,0.23877917414721722,0.6165216354750268,97,0.5184430133278574,0.44859628314425587,0.43645415571843454,0.2718102073839789,0.6409881797352224,99
pos,10.0,23.0,0.4908254879668027,0.4272151642371927,0.43518256439286723,0.24482758620689654,0.6360558611933982,97,0.5292200964395546,0.45840493360029616,0.44392200248928226,0.27878075890382964,0.6552666675999683,99
pos,10.0,24.0,0.5018212701450745,0.4374290447374604,0.4521652986130767,0.2597247157390784,0.6443007275666937,97,0.539198052405917,0.4675624921493394,0.4516664361775688,0.29334656804345177,0.669087417694465,99
pos,10.0,25.0,0.5167935830218362,0.45176112035484434,0.4661760543447495,0.2690209154289179,0.6530231537364205,97,0.5527844509155325,0.48041222079283386,0.4617192089289211,0.31371350866312664,0.6877398789114751,99
pos,10.0,26.0,0.5336048879837068,0.4681689827226405,0.4896688366827059,0.29012591119946984,0.6686876852600377,97,0.5680396149345235,0.4951417840390785,0.5046015273154494,0.32518282726903636,0.7005019756919368,99
pos,10.0,27.0,0.5461929183127623,0.4802833300425059,0.5017639695003984,0.2998011928429423,0.6802748585286985,97,0.5794624323648968,0.5060187631975389,0.5239195433541723,0.33430087636439965,0.7086151242178164,99
pos,10.0,28.0,0.557860770986185,0.4916456253294264,0.5110959371799249,0.3066931742876077,0.6899757477768795,97,0.59005024852112,0.5162283687834375,0.5342484370752922,0.3422986951291269,0.7154195511257019,99
pos,10.0,29.0,0.5686234414916966,0.5022093674764273,0.5188346420848982,0.3146454605699138,0.7006197790353005,97,0.5998166708313644,0.5257307930413133,0.5475672737156836,0.34909114029183863,0.7226747203100088,99
pos,10.0,30.0,0.5817881164849487,0.5151944214056845,0.5269147604415614,0.32895957587806496,0.7118195297606439,97,0.6117627557268717,0.5374112252791371,0.561157923348736,0.35517329406311227,0.7391941113874281,99
pos,10.0,31.0,0.5963173808608501,0.5295411057113497,0.5458856703409383,0.3408880053015242,0.7243330638641875,97,0.6249471165859705,0.550316587975008,0.5799130198423484,0.36823198183424294,0.7567889012048955,99
pos,10.0,32.0,0.6072095578512284,0.5404700871649706,0.5666495770315304,0.3508283631544069,0.7413184772516249,97,0.6348310575940582,0.56016102324031,0.5921446045120957,0.3766847274699132,0.7672500492866938,99
pos,10.0,33.0,0.6179872238444614,0.5514108939237389,0.5849782107152013,0.35934910351062227,0.754874651810585,97,0.644611087332474,0.5700205323891768,0.5984728804634017,0.38585007948065353,0.7748065180047949,99
pos,10.0,34.0,0.6282373213151315,0.5617827099364476,0.5996320407585621,0.3748681633268043,0.7656453110492107,97,0.6539123830070437,0.5793655524659994,0.6155205218809459,0.39675224460505876,0.7821067954334,99
pos,10.0,35.0,0.639890178500833,0.5739114858067312,0.614698006545671,0.3900858821756818,0.7742878013148283,97,0.6644865917350955,0.5903135231177615,0.6269366675727099,0.4089901401228274,0.7920530576214186,99
pos,10.0,36.0,0.6527903876197253,0.5873716689581678,0.6259049885946643,0.40104521699613727,0.7879509870660313,97,0.6761926910792175,0.6024628627389211,0.6388964392497961,0.4245560665780658,0.8098906780231041,99
pos,10.0,37.0,0.6632572380492779,0.5982546348232974,0.6372771016133597,0.40649852306294026,0.8032675289312458,97,0.6856906759428092,0.6122956923417895,0.6516716499048655,0.4340429470029692,0.8221186754750276,99
pos,10.0,38.0,0.672464467510231,0.6078023808598056,0.6452023775827909,0.4129743240172688,0.8136020151133502,97,0.6940456368400089,0.620919316728593,0.6592824136993748,0.4401826774751021,0.8339598288884874,99
pos,10.0,39.0,0.6820302254503418,0.617806966643317,0.6529861307670535,0.4234625168337573,0.832792612927377,97,0.7027259389743957,0.6299502851985601,0.6667572709975537,0.4482688615434674,0.8443070207947836,99
pos,10.0,40.0,0.692651120435578,0.6291000255277186,0.6657231814322105,0.43274255850942966,0.8447306098283007,97,0.7123637092364749,0.6401573260568708,0.6789888556673009,0.463052859904471,0.8589165432029008,99
pos,10.0,41.0,0.7043407847275047,0.6415359048037216,0.6766204358901783,0.4501355400199743,0.8540630182421227,97,0.7229713180154926,0.6514167846040486,0.6914789422135161,0.4797550607085018,0.8695795756981298,99
pos,10.0,42.0,0.7138492871690427,0.6516903381063817,0.6845457118596094,0.46316106674702423,0.8606213266162889,97,0.7315996645150437,0.6606089147701432,0.703354554358472,0.49437152266259504,0.8753348328320808,99
pos,10.0,43.0,0.7224171635626007,0.6607843355051599,0.6926283873412924,0.4704612588048171,0.8670025188916877,97,0.7393744541565745,0.6688425167309383,0.7148628795298727,0.502765699259157,0.8816206301189269,99
pos,10.0,44.0,0.7312140619504495,0.6700935217217615,0.7064620049270419,0.48239036582594863,0.8727120067170445,97,0.7473570663374494,0.677265305446217,0.7263712047012733,0.5131342085151598,0.88643641508239,99
pos,10.0,45.0,0.7406135062994681,0.6801844414347177,0.7202956225127913,0.506589411497387,0.8794527011087521,97,0.755886449723027,0.6864104371900159,0.7402323125659979,0.5257616011604195,0.8911101584167278,99
pos,10.0,46.0,0.7510244644566044,0.6915043249241979,0.7309812568908489,0.5285162463076574,0.8906581740976646,97,0.7653337159907073,0.6966806621304407,0.7545580284169496,0.5469515596677348,0.8989656116999953,99
pos,10.0,47.0,0.7601689855143589,0.701603431084194,0.743109151047409,0.5460122699386503,0.9011559330030667,97,0.7736317730973723,0.7058423296386689,0.7555134879318505,0.5602067344943598,0.9072422504254027,99
pos,10.0,48.0,0.7687109606109435,0.7109647199995508,0.752019002375297,0.5620313565098841,0.9111818825194621,97,0.7813830589993345,0.7143428764903895,0.7641211025756891,0.5709658492041334,0.9144739079291502,99
pos,10.0,49.0,0.7771166130918787,0.7201597629435177,0.7679397383375182,0.5768007271074755,0.9157158836689038,97,0.78901064100883,0.7226915997437677,0.7771909971080095,0.5809166619883716,0.9193281661843038,99
pos,10.0,50.0,0.7859162379320405,0.7298229532212083,0.7821551724137931,0.5990868882864888,0.917897091722595,97,0.7969957272675542,0.7314693289542658,0.7897650248531405,0.5971424277873535,0.9241611042996314,99
pos,10.0,inf,1.0,1.0,1.0,1.0,1.0,97,0.9912627940750783,0.9797979797979798,1.0,1.0,1.0,99
pos,12.0,0.0,0.0,0.0,0.0,0.0,0.0,97,0.1021039558030733,0.09451960777796554,0.09304493753496178,0.058368543214583596,0.12159295934327438,99
pos,12.0,1.0,0.00029911794985948415,0.00026391162455868236,0.0,0.0,0.0,97,0.10236991917187666,0.09474391982588659,0.09304493753496178,0.058368543214583596,0.12196468536107996,99
pos,12.0,2.0,0.013717688305183783,0.011841836555003116,0.00981404958677686,0.006006006006006006,0.016617665857088074,97,0.11430115960028799,0.10476514953140549,0.10479209397725153,0.06432519118784535,0.13583026970590922,99
pos,12.0,3.0,0.022714877987701384,0.019383154542070062,0.014883720930232559,0.009270139704922313,0.027135486336709345,97,0.1223010903261082,0.11129684502353206,0.11262353160544471,0.06800548778212198,0.14803984074387752,99
pos,12.0,4.0,0.029412337571996995,0.024993550980755137,0.0197027307293467,0.012032520325203253,0.03389514852407114,97,0.1282561957094542,0.11615700276359033,0.11699779249448124,0.071151073955784,0.1562395383566019,99
pos,12.0,5.0,0.15447563927766494,0.13518167318856678,0.127859477124183,0.06249388753056235,0.20239520958083831,97,0.23945733576452716,0.2111894053760712,0.20708504152212762,0.120798311224519,0.29462861355036163,99
pos,12.0,6.0,0.18945017947076992,0.164344266597216,0.15645424836601307,0.07693459063014518,0.24893730074388948,97,0.2705552572917259,0.23643355177650513,0.23453776041666666,0.13245316393717263,0.3390077859783739,99
pos,12.0,7.0,0.20948969086507693,0.1805688006125092,0.16943435391800726,0.0884526558891455,0.2712620027434842,97,0.2883735659626266,0.25050570751540985,0.2425667265938321,0.1391902926972395,0.3705242234430578,99
pos,12.0,8.0,0.22400038954895796,0.19230190785586826,0.18177966101694915,0.09609402004839267,0.2932098765432099,97,0.30127588194690136,0.26068654780768297,0.2523855621629097,0.1446273431529505,0.38228793614328993,99
pos,12.0,9.0,0.24144244414146193,0.20606655262865686,0.19457422758100978,0.10473556861389562,0.3104678826328311,97,0.31678463894544906,0.27264218711480726,0.2598684210526316,0.1509399271643913,0.401996861398597,99
pos,12.0,10.0,0.2850121038426222,0.24509611418177463,0.23070896983940462,0.12508557457212713,0.35527359238699446,97,0.35552498694923934,0.3066568647945534,0.29428610391381427,0.17477978748275208,0.4378257439585901,99
pos,12.0,11.0,0.31194524054648154,0.2681648279908227,0.24833529181355268,0.13785922532278216,0.39091468236534577,97,0.379472823491864,0.32676090671155267,0.3119321623258631,0.18808310954846214,0.4591769397685034,99
pos,12.0,12.0,0.329071482233785,0.28248933567838075,0.2591722156939548,0.14223240316534777,0.41787824781915395,97,0.39470077265451237,0.3392524508495193,0.32471304107315724,0.19288264485637868,0.4801899631081476,99
pos,12.0,13.0,0.34277525807618464,0.2939957640650624,0.2707256046705588,0.1453561016243232,0.4325279905715969,97,0.40688560606248036,0.34929221828049367,0.3354999308532706,0.1963965595955619,0.4967911252985939,99
pos,12.0,14.0,0.3543949469935168,0.3037167244683064,0.283069224353628,0.14868804664723032,0.44455384615384613,97,0.4172173551612975,0.3577718231125126,0.3431060710828378,0.20099120941140866,0.512058507321264,99
pos,12.0,15.0,0.38103453073263027,0.3280914765517587,0.31994301994301994,0.16551234239033918,0.4763146458061712,97,0.4409041764908175,0.3790881273027977,0.3681701503483682,0.21326624493055912,0.5518950948097825,99
pos,12.0,16.0,0.4004632850107126,0.34546686808486826,0.3416666666666667,0.18452301534356239,0.5167318557149065,97,0.4581794250737894,0.3942747836878928,0.3799046571323799,0.22770010250544892,0.5626987978623756,99
pos,12.0,17.0,0.4155583071315284,0.35866684400479343,0.3522598870056497,0.19941024695908588,0.536071273359409,97,0.4716012974064242,0.40581889432465496,0.3918184289209024,0.23340242697084135,0.5742960339348462,99
pos,12.0,18.0,0.4282283869890648,0.36992578004573234,0.3612994350282486,0.20401769259122743,0.5473507775398082,97,0.48286701089336476,0.4156765998321835,0.4024339648734615,0.23816496235513795,0.5912401711675137,99
pos,12.0,19.0,0.43875733882411866,0.3793714906983105,0.3690677966101695,0.20715075562108368,0.5658409387222947,97,0.49222892147524316,0.4239575770153642,0.4096252247268704,0.2446897104487754,0.6055971963619904,99
pos,12.0,20.0,0.4590584045187679,0.3984750438002357,0.4040960451977401,0.22471131639722863,0.5966769230769231,97,0.5102797934639811,0.4407169420242719,0.43147559120453605,0.25770938363722184,0.6330126509032026,99
pos,12.0,21.0,0.47627229472161164,0.41459927698763155,0.42542372881355933,0.23625866050808314,0.6194461538461539,97,0.5255856760788835,0.45489593823598057,0.44281565481952706,0.2740862067802687,0.6512773632363167,99
pos,12.0,22.0,0.4882258827457637,0.42571714665188004,0.4336158192090395,0.24948006932409011,0.626809901914993,97,0.5362143145196206,0.4646703623396263,0.4505600885078136,0.2851303939102612,0.6643468055419449,99
pos,12.0,23.0,0.4997537494087203,0.43645454813261153,0.44152542372881354,0.2593599033816425,0.6298458664175619,97,0.5464644190494098,0.47411542654407085,0.45830452219610013,0.2998392604196959,0.678597433549047,99
pos,12.0,24.0,0.5106152091043157,0.4466573638523397,0.44929378531073444,0.266304347826087,0.6371170500046559,97,0.5561219819342835,0.483082858634607,0.4652191951320703,0.31431965621846025,0.6854731375006415,99
pos,12.0,25.0,0.5272252984223267,0.46288185787010583,0.4775423728813559,0.2840451248992748,0.6642145451159326,97,0.5708909896558805,0.497378962119938,0.501272762874486,0.32948652983312343,0.6995548277245938,99
pos,12.0,26.0,0.5438659951584629,0.4792550922518301,0.4968044311887516,0.29358044587698096,0.6775487619311108,97,0.5856872122338201,0.5118288817355282,0.5298994291927154,0.3393227390104604,0.7118246688083973,99
pos,12.0,27.0,0.5562731294693787,0.4914125250413642,0.5057924003707136,0.3023099650819232,0.6891686263660257,97,0.5967191253639987,0.52255651673129,0.541723294373471,0.34636919911488945,0.7193539202440424,99
pos,12.0,28.0,0.5673850134950889,0.502308401811653,0.5148285449490269,0.30942788074133765,0.7003734956425508,97,0.6065993552553125,0.532181492664537,0.555178037510193,0.3533928372297439,0.728802601694363,99
pos,12.0,29.0,0.5776649322463062,0.512368386766001,0.5238646895273401,0.3168143969916734,0.7060424605334785,97,0.6157398358696755,0.541067792727234,0.5679596341847998,0.36119754768839213,0.7374381794867524,99
pos,12.0,30.0,0.59138262055149,0.5260338931565411,0.5435910742086144,0.3342734354015579,0.7182163187855788,97,0.6279370396668902,0.5531398526084215,0.5788257678717043,0.3715836028241324,0.755414612627102,99
pos,12.0,31.0,0.6061562647819917,0.5408586945842728,0.5720031136481578,0.34572772803156776,0.7425857275254866,97,0.6410731560079269,0.5662554614586534,0.5983963033432999,0.38528342451196473,0.7718091256963456,99
pos,12.0,32.0,0.6169662483652856,0.5518396199969499,0.5888418079096045,0.35877978448930037,0.7552182163187856,97,0.6506849484525881,0.5759833456170399,0.6095406360424028,0.3935962317205429,0.7791285107377319,99
pos,12.0,33.0,0.6275522412977546,0.562549905589951,0.6013742180289201,0.3748672029139475,0.7657137536083434,97,0.6600975776303777,0.5854732116492756,0.62177222071215,0.4018666102291485,0.7862891334110442,99
pos,12.0,34.0,0.637281226522719,0.5725091869879952,0.6117231638418079,0.3828849369205046,0.7732563553403483,97,0.6687481908305727,0.5943079049621254,0.6311497689589562,0.4125282472054326,0.7953543352208665,99
pos,12.0,35.0,0.649732880714544,0.5857135111044078,0.6257834757834758,0.39656761114950473,0.7889294403892944,97,0.6798196892063406,0.6060433226416023,0.6429736341397119,0.4255670254317774,0.8094072678159518,99
pos,12.0,36.0,0.6624099168034725,0.5989741275603921,0.6401709401709401,0.40347846118405895,0.8070987654320988,97,0.6910915878879045,0.617819641488111,0.6567001902690949,0.43897161956098707,0.8296094648120674,99
pos,12.0,37.0,0.6724046300676145,0.6093445248482111,0.648005698005698,0.412232204561161,0.8180999549752364,97,0.6999784755227108,0.6270251761594259,0.6641750475672737,0.4454759148412048,0.8399282705312467,99
pos,12.0,38.0,0.6816132891844514,0.6189081453634336,0.6566951566951567,0.42190739460953697,0.8323577967882335,97,0.7081664361650803,0.635515283608038,0.6724653438434357,0.4551620820741513,0.8530878635562009,99
pos,12.0,39.0,0.6913547956259217,0.6290496066588958,0.6696581196581196,0.43158258465791294,0.8461653909650307,97,0.7168281827155973,0.644524613638236,0.6848328350095134,0.46409222167352415,0.8633808612311764,99
pos,12.0,40.0,0.7020771306936754,0.6405390473240499,0.6779202279202279,0.4522689330702686,0.8534281586842982,97,0.7263620417080043,0.6547618935886261,0.6927154117966838,0.47914355818987153,0.8733981143363458,99
pos,12.0,41.0,0.7136954283647291,0.6529511283335464,0.687037037037037,0.4630444680528153,0.8600556070435589,97,0.7366925537678969,0.6658229226170852,0.7098432908912831,0.49944216553708887,0.8804883377338417,99
pos,12.0,42.0,0.72294443362364,0.6628155396283343,0.6952435749904105,0.47251145356101626,0.8662551440329218,97,0.7449163885390818,0.6746082605548792,0.7229431929480901,0.510478865910041,0.8853588008416288,99
pos,12.0,43.0,0.7316995464537133,0.6721123286770496,0.7054868208714362,0.48606311909698224,0.8731138545953361,97,0.75270107449201,0.6828943696587083,0.7318805093046034,0.5192602091779552,0.8899953348767107,99
pos,12.0,44.0,0.7404783104705195,0.681498836085065,0.7144970414201184,0.5029947016816402,0.8847120794923979,97,0.7605067901066574,0.6912700054144159,0.7400832517140059,0.5274733356143183,0.8958234070133846,99
pos,12.0,45.0,0.7501432983666768,0.6920133515034391,0.7238301559792027,0.5299470168164018,0.8959655213695679,97,0.7691004995163178,0.7006668298644156,0.7512888218282409,0.5431773924801337,0.9033796530540661,99
pos,12.0,46.0,0.7607598987172709,0.703635401142429,0.7412738395106153,0.5501036627505184,0.9082964204477433,97,0.7785403435504502,0.7110607115614204,0.7570279223852343,0.5663936059590859,0.9147055763423384,99
pos,12.0,47.0,0.7699198642143632,0.7136847771769202,0.7588757396449705,0.56645934116563,0.912564206152248,97,0.7866850078304564,0.7200473595674193,0.7729158807996982,0.5795202224997168,0.9199237692309662,99
pos,12.0,48.0,0.7781198697793483,0.7226691330192185,0.7740194314501619,0.5836212854181064,0.9149881687539678,97,0.7939761152524425,0.7280773895101587,0.7864462809917355,0.5879248113256215,0.9230893022971153,99
pos,12.0,49.0,0.7863017891427141,0.7316973878451849,0.7826799170033854,0.600898410504492,0.91787383851792,97,0.801251141168408,0.7361570614114546,0.794564152791381,0.5978886000568475,0.9275569550493228,99
pos,12.0,50.0,0.7950235120621052,0.7414212089995087,0.7921808452549962,0.6210993415402233,0.93122555410691,97,0.8090061381871442,0.7448739847173859,0.8086308178942612,0.6196049932076213,0.9356771581561901,99
pos,12.0,inf,1.0,1.0,1.0,1.0,1.0,97,0.9912627940750783,0.9797979797979798,1.0,1.0,1.0,99
pos,14.0,0.0,0.0,0.0,0.0,0.0,0.0,97,0.1160441474451435,0.10621636971435237,0.10633748055987559,0.06512446041552139,0.13833253183137742,99
pos,14.0,1.0,0.0002671336558724882,0.00023692144248786595,0.0,0.0,0.0,97,0.11627794780190553,0.10641345865719114,0.10633748055987559,0.06512446041552139,0.1384908101327026,99
pos,14.0,2.0,0.012565175665113334,0.01051574999931841,0.008732262591610791,0.004861744150714068,0.01485342019543974,97,0.1270414234854314,0.11514713281556603,0.11625194401244168,0.07029639553442561,0.15478757888759204,99
pos,14.0,3.0,0.020586252369221115,0.017056282214167197,0.013456833275078644,0.007900334244910361,0.022508038585209004,97,0.1340616193829155,0.12070695093241633,0.12151792284242616,0.07399478964463085,0.16257485516515505,99
pos,14.0,4.0,0.02616355081405095,0.021648917057834602,0.017825934987766516,0.009723488301428137,0.0300416846341814,97,0.13894297497965072,0.12461120934523207,0.12498686008619783,0.07693741029803697,0.1688742425965052,99
pos,14.0,5.0,0.1723535040444601,0.14996847903357213,0.14216782393786043,0.06722054380664652,0.22780062908299056,97,0.26689114799686287,0.23334034537910353,0.23274739583333334,0.13083714297353152,0.3336424872567758,99
pos,14.0,6.0,0.20405053773015544,0.17591030914229946,0.16577330369983004,0.08564954682779456,0.2704303885694372,97,0.29463298292144063,0.2554080382262779,0.24311990042870973,0.1418083824843831,0.37792107327647884,99
pos,14.0,7.0,0.22242622376189203,0.1905913587458151,0.17361746633546868,0.094023068857043,0.29301292407108237,97,0.3107157259810337,0.26791554490776903,0.25445996404370075,0.14840362702197551,0.3955477911395593,99
pos,14.0,8.0,0.2352401588102517,0.20094378554637082,0.18539810290313308,0.10117878192534381,0.3039176090468498,97,0.321930720872063,0.2767375725816955,0.26210056390977443,0.15281003953288946,0.4084218414572349,99
pos,14.0,9.0,0.25100387131790175,0.21332376789534047,0.19660822075308998,0.1029796987557302,0.3178513731825525,97,0.33572741599887185,0.28729609687739116,0.2693956575853962,0.15640203057292096,0.4210043792696715,99
pos,14.0,10.0,0.2996872133436795,0.2573675843123873,0.24029893647599884,0.13165618448637317,0.3808204486549289,97,0.3783359847200952,0.32510434710293434,0.3096608116293156,0.18410282219596746,0.4581169788541733,99
pos,14.0,11.0,0.32419566621579027,0.27846170842288687,0.25683512841756423,0.1381551362683438,0.4122799177763875,97,0.3997862396738176,0.3431985810336584,0.3234683999446826,0.19429797373127564,0.4875176336824981,99
pos,14.0,12.0,0.33935020091560414,0.291215591854345,0.26797213825732685,0.14150943396226415,0.42965705378020264,97,0.41304977102409507,0.3541429674512871,0.3343935831835154,0.19840558948333972,0.507321820175074,99
pos,14.0,13.0,0.35167792444216417,0.3017247448239834,0.2775476387738194,0.14604326212548704,0.4393708777270421,97,0.4238392245250389,0.36316604868179186,0.345595353339787,0.2040338684125111,0.5216849808232502,99
pos,14.0,14.0,0.3621767011396289,0.31066198562492,0.2870753935376968,0.15665726185677817,0.4592846270928463,97,0.43302794965746394,0.37083889753417104,0.35320149356935415,0.20944376135934847,0.5337443126933684,99
pos,14.0,15.0,0.3918285369414751,0.33817455582412675,0.32710549008335726,0.17912927883017613,0.50220361392684,97,0.4589797892580488,0.39455734120243935,0.3819665329829899,0.22706197688280227,0.5639430919798535,99
pos,14.0,16.0,0.41052082582461613,0.35489620398904775,0.34219603334291465,0.19109703855466567,0.5337152930806522,97,0.4753396290367673,0.4089512238510418,0.3931059772643931,0.2348187798108241,0.5800751307788868,99
pos,14.0,17.0,0.424656295096472,0.3675041748062734,0.3509629203794194,0.19657204070701662,0.5463155900738776,97,0.48771125532236,0.419824182968459,0.40174249757986447,0.2418769383809864,0.5979329702790106,99
pos,14.0,18.0,0.4368737729872751,0.37845375281858384,0.3600172463351538,0.2085341903231566,0.5670979198376459,97,0.4984042197871798,0.4292743359065301,0.41017839856174804,0.2474522828002631,0.61435123872455,99
pos,14.0,19.0,0.44698668995959073,0.38756586774555246,0.3664846220178212,0.20950173812282735,0.5832966064345526,97,0.5072552332931708,0.4371543942838641,0.4190291799197898,0.2515046139453998,0.6277876641825109,99
pos,14.0,20.0,0.46873900193777907,0.4084381948267277,0.40672607070997413,0.22675126021206327,0.6068973981345115,97,0.5262932623437929,0.45522441335001596,0.4401880791038584,0.2700881636426822,0.6540418959088724,99
pos,14.0,21.0,0.4850850375471194,0.4238381951580908,0.4236849669445243,0.24698386878134743,0.6170676264444024,97,0.5405996175075645,0.4685702556269861,0.4512515558014106,0.2885058482502678,0.6713041956573477,99
pos,14.0,22.0,0.497380252745187,0.4353092357463185,0.43259557344064387,0.25797629899726526,0.6276756961545747,97,0.551360619113241,0.4785149846339007,0.4592725764071359,0.3047796221423814,0.6826489306367842,99
pos,14.0,23.0,0.5088090503186523,0.4461330325359504,0.4405001437194596,0.2646611972044971,0.6367683273347224,97,0.5613633158580968,0.48789800828473995,0.47346778930879185,0.32033027771980105,0.689114295102135,99
pos,14.0,24.0,0.5194717820641658,0.4561997454878363,0.44754239724058636,0.2728751525010167,0.6466186777798826,97,0.5706955375057832,0.49663566604106674,0.488545134129626,0.33169358376752367,0.6950693785734523,99
pos,14.0,25.0,0.5375181445942183,0.4741178191824655,0.4825232434977051,0.2860241290497492,0.6742349457058243,97,0.586490050495929,0.5122199595375909,0.530578961674368,0.34003835187517495,0.7101192528218829,99
pos,14.0,26.0,0.5537369737007622,0.4902213183579913,0.5002874389192297,0.2970042022502372,0.6874911860104358,97,0.6006850721564805,0.5262494707128587,0.5455286762707258,0.3505286092088231,0.722275950328436,99
pos,14.0,27.0,0.5656519827960272,0.501974513582683,0.5109226789307272,0.30432425105056254,0.6986666666666667,97,0.6111133102914217,0.5364922839004292,0.5589834194074477,0.35890298112580465,0.733164608959428,99
pos,14.0,28.0,0.5763415692476866,0.5124897819524472,0.5203012828056961,0.3161506786640232,0.7021111111111111,97,0.6204690356786766,0.5456541215715202,0.5727208646616542,0.36739446948030363,0.7425661414579598,99
pos,14.0,29.0,0.5863089054445797,0.5222887953553277,0.5415086939469211,0.3269522941355211,0.7078348128135855,97,0.6291926341754269,0.5541930677076237,0.5841820696592481,0.3742177411794043,0.7506594437827019,99
pos,14.0,30.0,0.6009178655879556,0.5369309676814782,0.5639952935024186,0.341009608052463,0.7269076305220884,97,0.641978668500783,0.5669640527646005,0.6000526592943655,0.3875969182934509,0.7678007228217685,99
pos,14.0,31.0,0.6155310659480913,0.551804013594025,0.5881981697696435,0.3556504499008693,0.7549208799691239,97,0.6547684139429131,0.5799795635836424,0.6141614569176407,0.4011568015541912,0.7816451326192726,99
pos,14.0,32.0,0.626397328098079,0.5629365680935554,0.598085621121279,0.37212139698032637,0.7643493085811707,97,0.6642787691957515,0.5897235108134943,0.62435444414243,0.4076405014606074,0.7893492773092818,99
pos,14.0,33.0,0.6367660714815742,0.5735839207319758,0.6082207530899684,0.3793314934069304,0.7764913831197525,97,0.6733536867471072,0.5990448764062153,0.6353628703452024,0.41688871397556804,0.8025251619094232,99
pos,14.0,34.0,0.6462387157231477,0.58334100535736,0.6164127622880138,0.3802514566084023,0.7917792358162872,97,0.6816443216202241,0.607600520100092,0.6454199510736613,0.4249147315031032,0.8153200722755212,99
pos,14.0,35.0,0.6588703214508326,0.5967845796256819,0.636677206093705,0.397826743133112,0.8063929707620058,97,0.6926997384899714,0.619391413629122,0.6571079097580864,0.43834009988169614,0.8301814845051363,99
pos,14.0,36.0,0.671313944235496,0.6097003602399529,0.6494417406241053,0.41218888113514773,0.8242690501439176,97,0.7035906291827378,0.6307134147050221,0.6671649904865452,0.44878992070227125,0.8467288655951514,99
pos,14.0,37.0,0.6816897546469242,0.6204695997350348,0.6604637847122817,0.4227292294446836,0.8385798476354751,97,0.7126717319287169,0.6401603038547574,0.6776297907039956,0.4603312850079498,0.8582283574306881,99
pos,14.0,38.0,0.690907985882905,0.630108152421132,0.6696249642141425,0.437221983067872,0.8466808410111032,97,0.7207396997953938,0.6486221621363234,0.6863278064691493,0.4670648631314327,0.8669757283760589,99
pos,14.0,39.0,0.7000668540842474,0.6396296733533939,0.6756259204712813,0.45188348330028977,0.8527229135746089,97,0.7287557120272347,0.6569892774234295,0.6947540092416418,0.4774303326344157,0.8749112923596811,99
pos,14.0,40.0,0.7110165071638462,0.6514595844894583,0.6775895925380462,0.4598139393015098,0.8592015119300732,97,0.7383390525766284,0.6674133871314252,0.7098432908912831,0.4966465839197426,0.8823634526189047,99
pos,14.0,41.0,0.7224665058211109,0.6637588583218033,0.6956521739130435,0.4750524109014675,0.8695960311835578,97,0.7483603049053541,0.6782505146802645,0.7266160626836435,0.51596057284586,0.8896588994488546,99
pos,14.0,42.0,0.7318317312381009,0.6737682823534179,0.7057862491490811,0.4911607350546639,0.876210725253957,97,0.7565569248201964,0.6870788207021402,0.7354309500489716,0.5258484815265505,0.8948884058321556,99
pos,14.0,43.0,0.7406527955042395,0.6832005266917864,0.7124109160438032,0.5079088160037218,0.8889292196007259,97,0.7642772847490419,0.6953992093486293,0.7433888344760039,0.5333975903492587,0.9004478682306629,99
pos,14.0,44.0,0.7493339326173021,0.6925168110042973,0.7241660993873383,0.5238427541288672,0.9015124016938899,97,0.7718751778243454,0.7036234443582101,0.7500314346787376,0.542196104269842,0.9099297860187028,99
pos,14.0,45.0,0.7593380173594474,0.7033530875521877,0.7448604492852281,0.5515236101418934,0.9091717554989032,97,0.7806309393331371,0.7132147437359111,0.7581637482252721,0.5628109011610264,0.9170624172351151,99
pos,14.0,46.0,0.7700671791675324,0.7150735037267725,0.7626934235976789,0.571877180739707,0.9114839627675342,97,0.7900213018102827,0.7235838224990848,0.7782422051513782,0.5858144260667524,0.9233797481878423,99
pos,14.0,47.0,0.7789150981398169,0.7248673580487462,0.7747977391111603,0.5893230983949755,0.9144814552326955,97,0.7977651654786969,0.7322446946104806,0.7885651322233105,0.5958253928756393,0.927148239933258,99
pos,14.0,48.0,0.786794834285262,0.733606084454252,0.7820015515903801,0.6075831588741568,0.9218248256007087,97,0.8046616574837144,0.7399904964201846,0.7965230166503428,0.6047811670550916,0.9319181584731184,99
pos,14.0,49.0,0.7945897660955095,0.7423563323075576,0.7889837083010085,0.6232844847638985,0.9351279368401028,97,0.8114839271532518,0.7477471867171438,0.8042360430950048,0.6152489630622047,0.9391008804331447,99
pos,14.0,50.0,0.8032850372644383,0.7521410281929137,0.7987746766507828,0.6398335485722485,0.9375059450204508,97,0.819094190617802,0.756440859625482,0.8190499510284035,0.6376135749691274,0.9418527685581268,99
pos,14.0,inf,1.0,1.0,1.0,1.0,1.0,97,0.9912627940750783,0.9797979797979798,1.0,1.0,1.0,99
pos,16.0,0.0,0.0,0.0,0.0,0.0,0.0,97,0.1300486651112964,0.11761600141865902,0.1181541049090718,0.07193039818531163,0.15881035981477448,99
pos,16.0,1.0,0.00022264037116304458,0.00019999011596222695,0.0,0.0,0.0,97,0.13024040614461974,0.11777995355120531,0.1181541049090718,0.07193039818531163,0.15899222419641978,99
pos,16.0,2.0,0.010649391689050403,0.008656511476683948,0.007020757020757021,0.003678314663099816,0.012279596977329974,97,0.13922007169877607,0.1248200588439027,0.12488174077578051,0.07699389470833973,0.16903815015264353,99
pos,16.0,3.0,0.01776813800830233,0.01437805284942461,0.011920371915603767,0.005938830050480055,0.01995305164319249,97,0.14535083660942474,0.12958865617390905,0.12866603595080417,0.08026778003004656,0.17524046274649968,99
pos,16.0,4.0,0.02344762205719703,0.0189438246381166,0.015352959797404243,0.007720479065624072,0.0261913423062932,97,0.1502420885175573,0.13339825493154936,0.13159689076776218,0.08294293499053487,0.18114712649429834,99
pos,16.0,5.0,0.1895933581349919,0.16428165857431137,0.15477716075751102,0.07585470085470085,0.25146095271825747,97,0.29332914389484177,0.2543588510219593,0.24408795463974553,0.140804028077264,0.37697280623177293,99
pos,16.0,6.0,0.21715910886395956,0.18657702996147785,0.17008952080042128,0.08964178577730722,0.28512566955088586,97,0.3170691578981224,0.2729890861563529,0.2593984962406015,0.15139734940680905,0.4027030646732557,99
pos,16.0,7.0,0.2334463293066548,0.19958559924555366,0.1808058608058608,0.09682199901202042,0.29954676555418214,97,0.3310959422649193,0.2838619624663143,0.2672378620971032,0.15624076855942245,0.41667744389084826,99
pos,16.0,8.0,0.24520605007253768,0.20902906120118453,0.19106227106227106,0.09863329491190516,0.31214421252371916,97,0.3412235799411664,0.29176086673806423,0.2757571566864887,0.15927168197323077,0.42749022349985755,99
pos,16.0,9.0,0.25912610063344776,0.21998270149768098,0.20043956043956043,0.10011526428453812,0.3368126026867691,97,0.35321172416011243,0.3009287364558511,0.28198036232886187,0.16224457180315122,0.43664226610818146,99
pos,16.0,10.0,0.3123199126675189,0.2686056863204326,0.2465934065934066,0.1327713382507903,0.396489927079471,97,0.3990229866572982,0.34205142134526373,0.3263173834039976,0.19258039355821308,0.48479876802182825,99
pos,16.0,11.0,0.33408983179879054,0.2874401505218584,0.26542475888492534,0.13888303477344574,0.4212304939866812,97,0.41777154859954824,0.3579618802934493,0.33992532153229155,0.20175167329547766,0.51323588497446,99
pos,16.0,12.0,0.348394834743389,0.29964637330385396,0.27887242916726596,0.14828496042216358,0.43502159403219476,97,0.4300912192503049,0.3682715562021755,0.3502973309362467,0.20890944531250583,0.5302492436246159,99
pos,16.0,13.0,0.3600324624025051,0.30965185401564527,0.2887962030778081,0.1544415127528584,0.4554377699254024,97,0.44011370861795535,0.37672483813235774,0.3614991010925183,0.21148084169319645,0.5428193641416192,99
pos,16.0,14.0,0.36994498628248035,0.3181522089156463,0.29785704012656405,0.15883905013192612,0.4741525978275095,97,0.44865051423708097,0.38391214598307605,0.36675425252385563,0.21358265671923848,0.5534160074585446,99
pos,16.0,15.0,0.40246197158821584,0.34862131332573754,0.33220962304627644,0.18070774205137416,0.5258529042234464,97,0.4766546014136881,0.409807402141995,0.39347268060139345,0.2367982456012811,0.5839635452394618,99
pos,16.0,16.0,0.4199255950243468,0.3644772035250219,0.34354888139748696,0.19364109933536913,0.5406397989755485,97,0.4916945206597871,0.4232615230399595,0.4075508228460794,0.24407680847564808,0.6032833083675155,99
pos,16.0,17.0,0.433604332150706,0.3767452126078561,0.35258964143426297,0.20783186635530806,0.5644549142782358,97,0.5034748423393891,0.4336928719832334,0.4157101369105241,0.2513111654027122,0.6210882763319381,99
pos,16.0,18.0,0.4452491417572789,0.38731516951814193,0.3642353662273981,0.21331355784330833,0.5868156424581006,97,0.5135035169016628,0.4427013960196768,0.42622043977319873,0.25726767803487316,0.63399346525323,99
pos,16.0,19.0,0.45476809491661757,0.3960536426747179,0.37143732761262643,0.22491711743151283,0.5923697349891179,97,0.5217013738554297,0.45014009519353354,0.43272023233301066,0.26690221011059934,0.6413034502814017,99
pos,16.0,20.0,0.47890662031916575,0.41933032514055396,0.4087912087912088,0.2408599205805833,0.6065526239489707,97,0.5424898129844554,0.4700119888094894,0.4556769464804315,0.2950542677836043,0.6738183643993948,99
pos,16.0,21.0,0.4952556055099901,0.4347577142787638,0.4254945054945055,0.25565749235474006,0.6236590316033633,97,0.556569790025013,0.48320103456151425,0.46480431475591205,0.3156272220710875,0.6855065809920532,99
pos,16.0,22.0,0.5067941222942013,0.44574038329735155,0.4336996336996337,0.26441188552649597,0.6333236686962405,97,0.5665069237068614,0.49259598183113373,0.4805169375367143,0.32779736095805345,0.6920007614203966,99
pos,16.0,23.0,0.5179333227998104,0.45635085779282974,0.4457909543388877,0.2706422018348624,0.6439547694984054,97,0.5761001605676525,0.5016778917653026,0.49853142745251616,0.3339714607603904,0.6983540144112147,99
pos,16.0,24.0,0.5281532340309398,0.4661307537587837,0.46267041765851546,0.281651376146789,0.6523630037692084,97,0.5849016925166567,0.5100472061134658,0.5138045819463481,0.34079960871903864,0.7035832225622929,99
pos,16.0,25.0,0.5479495540010629,0.48599562536766294,0.4914769340803433,0.2929663608562691,0.6792088211890417,97,0.6019505629764146,0.5271175959412366,0.5458004892633868,0.3515925648964456,0.7194443692274615,99
pos,16.0,26.0,0.5636306180783981,0.5016335351044462,0.5074502324472524,0.3058103975535168,0.6922814595884961,97,0.6154553169170021,0.5405722403449505,0.5615656428377277,0.36292245279264623,0.7360243053489992,99
pos,16.0,27.0,0.5749235122595843,0.512764946531338,0.5267245918904687,0.31712538226299697,0.6966011140161419,97,0.6251809169427325,0.5501514830963699,0.5776026094047295,0.3703698255759258,0.7465088740334738,99
pos,16.0,28.0,0.5853071718927304,0.5229932495493884,0.5442338072669827,0.3284403669724771,0.709165687426557,97,0.6341234713291488,0.558938305877334,0.5885829246825097,0.376825431670507,0.7533784014413505,99
pos,16.0,29.0,0.5949611456642583,0.5325590913506544,0.5610847814639284,0.3385321100917431,0.7195456325891109,97,0.6424376099418344,0.5671826567030809,0.5976361121589338,0.38403627388629424,0.7577277802091227,99
pos,16.0,30.0,0.6108950142920755,0.548676094251399,0.5817515099223468,0.3494788473329246,0.7475518997258128,97,0.6561600827331633,0.5810868140395716,0.6115792334873607,0.4003003619813532,0.7822818793368107,99
pos,16.0,31.0,0.6256395524210345,0.5638481656604538,0.5953408110440035,0.3678724708767627,0.7677285817134629,97,0.6688582872948681,0.5942138193202214,0.6278880130470237,0.4118227335441156,0.7965831486354066,99
pos,16.0,32.0,0.6359427742426637,0.5745122902566434,0.607032967032967,0.3739359232316979,0.7816294555424991,97,0.677731567501503,0.6034333531394371,0.6378091872791519,0.41836647710032526,0.8110996717480103,99
pos,16.0,33.0,0.6458639164595872,0.584632870943245,0.6128937728937729,0.3820446604891387,0.7949353639100407,97,0.6862757953541766,0.6121917182299612,0.6484098939929329,0.4280986679701998,0.8223233958594391,99
pos,16.0,34.0,0.6550194630776082,0.5940313791254257,0.618960310612597,0.3964757709251101,0.8013104303169825,97,0.6941606814600029,0.6203215481494424,0.6595542266920359,0.4363187014489574,0.8307948574005393,99
pos,16.0,35.0,0.6685114695700887,0.6083382624951736,0.6386813186813187,0.4144007291508431,0.8299174059345366,97,0.7057801880793981,0.6327179885213199,0.6693394944278337,0.4500532319504355,0.8504446944181532,99
pos,16.0,36.0,0.6812019707263821,0.6215386758547412,0.6593265907054154,0.4287057717174092,0.840079784113575,97,0.7167094269788293,0.6441656183356496,0.6806197336232672,0.4628826875743563,0.8633945166232184,99
pos,16.0,37.0,0.6912724974504086,0.6321165371668137,0.6615030085776469,0.4437895342150661,0.8485576923076923,97,0.7253823068796683,0.6533437667745402,0.6891818428920903,0.473566393385221,0.8719143694483691,99
pos,16.0,38.0,0.699816142145104,0.6410455394454042,0.6631673281270004,0.45141017780502757,0.8538461538461538,97,0.7327402144035864,0.6610965872600645,0.6976080456645828,0.483962220690702,0.878889355621072,99
pos,16.0,39.0,0.7090334535112541,0.650685308640813,0.6677685950413224,0.46056189020806393,0.8598557692307692,97,0.7406782931831734,0.6694671865322483,0.7047012732615083,0.4925900034553839,0.8845976107794816,99
pos,16.0,40.0,0.7206710811703702,0.663250014292514,0.6921487603305785,0.48089808393088046,0.8697115384615385,97,0.7507007825508237,0.6804368647664998,0.7263712047012733,0.5092299918167766,0.891219130661621,99
pos,16.0,41.0,0.7322110343440728,0.6757595190217647,0.7045454545454546,0.5001763253790996,0.8786057692307693,97,0.7606391532715968,0.6913582412543602,0.7373898139079333,0.528037496914854,0.8978154164847789,99
pos,16.0,42.0,0.7416380585759634,0.6857157259532356,0.7153124619320258,0.5165158105089926,0.8923810688516571,97,0.7687578397341851,0.7000492082274451,0.7453476983349657,0.536353229743235,0.9047863663732443,99
pos,16.0,43.0,0.7501443571438832,0.6947877041830154,0.7317578267754903,0.5326201951334195,0.9039990216460805,97,0.7760835842460619,0.7079797761116952,0.7526934378060725,0.5442435854251635,0.9122866269114793,99
pos,16.0,44.0,0.7587914218819575,0.7040912736657173,0.7484468266536728,0.5490772305160456,0.90838623046875,97,0.783530558572556,0.7161174147618667,0.7623653281096964,0.5550498782125979,0.919380864618444,99
pos,16.0,45.0,0.769153535672733,0.7153608461199552,0.7637958338409063,0.5776419419301752,0.91143798828125,97,0.7924545573751024,0.7259843837596132,0.7773016650342801,0.5798300173071631,0.924947198952753,99
pos,16.0,46.0,0.7796147603384134,0.7270262694603665,0.7733513391852352,0.5984483366639238,0.9182692307692307,97,0.8014639118634507,0.7362099642357788,0.7881978452497551,0.5999435570013595,0.9302610745652669,99
pos,16.0,47.0,0.7878251626711099,0.736228624204949,0.7781904118838623,0.6140057724441744,0.9311626858945471,97,0.8085348263568461,0.7442859264481378,0.7964005876591577,0.6089834614680439,0.937748607083494,99
pos,16.0,48.0,0.7955213375658944,0.7448614380613465,0.7859554355165429,0.6313973548016101,0.9340224111282844,97,0.8151628809152108,0.7518717832236879,0.8044809010773751,0.6182989586115022,0.9400578373656023,99
pos,16.0,49.0,0.8030896737959465,0.7533876388140107,0.7947332883187036,0.6414606095457159,0.9352782071097373,97,0.8216808390092802,0.7593656339398599,0.8128060724779628,0.6306459751994724,0.9416731968447926,99
pos,16.0,50.0,0.8119249055573909,0.7633300709544137,0.8064738292011019,0.6585681426106959,0.9437091935768485,97,0.8292898654349058,0.7681255502574809,0.8279872673849168,0.6545251147719996,0.9483622077427429,99
pos,16.0,inf,1.0,1.0,1.0,1.0,1.0,97,0.9912627940750783,0.9797979797979798,1.0,1.0,1.0,99
pos,18.0,0.0,0.0,0.0,0.0,0.0,0.0,97,0.14205412787518773,0.12708026674108294,0.12687900767370966,0.07874129363927115,0.1717179532343763,99
pos,18.0,1.0,0.00020393744947085516,0.00018405071258053085,0.0,0.0,0.0,97,0.14222731332464109,0.12722903183397627,0.12687900767370966,0.07874129363927115,0.1717179532343763,99
pos,18.0,2.0,0.009828328368427569,0.007871777164527608,0.00620347394540943,0.003082736674622116,0.010977630488815244,97,0.15040042949991464,0.1335168943975814,0.13173326060275467,0.08285129075287892,0.18138754843981403,99
pos,18.0,3.0,0.016265468291368348,0.01297837093286733,0.009744408945686902,0.005171042163882259,0.018120805369127517,97,0.15586690450801724,0.1376959208271506,0.13514250647756718,0.08494393193320979,0.19037887141788323,99
pos,18.0,4.0,0.02072587165050948,0.016608804120827096,0.012419700214132762,0.00645359557467732,0.024438615571620498,97,0.159654717695347,0.14067347284293072,0.13718805400245465,0.08690527746905889,0.19381221109388438,99
pos,18.0,5.0,0.20607879269029913,0.17795496184206966,0.16626984126984126,0.08333333333333333,0.27535624476110643,97,0.3170580245478004,0.2728982588370145,0.25951597744360905,0.1506438859508472,0.40225781719346254,99
pos,18.0,6.0,0.2311834927201614,0.1981055394281599,0.1797082228116711,0.09562345169281586,0.29580716660509787,97,0.3383771533755081,0.28946063881453415,0.2740976351818559,0.15865904002679443,0.4253224803631013,99
pos,18.0,7.0,0.2456863587696745,0.20969139791102276,0.18930991990141713,0.0972749793559042,0.3160284247927359,97,0.3506931129094908,0.29898743054248295,0.2811506015765454,0.1612127364529662,0.4341255286267167,99
pos,18.0,8.0,0.2557200812836406,0.21781195731437708,0.1970117067159581,0.09826589595375723,0.3335123523093448,97,0.35921383702259574,0.30567281528649515,0.28737380721891853,0.16399217774019897,0.44325007932460014,99
pos,18.0,9.0,0.2679024304973889,0.22747183249591482,0.20384615384615384,0.09991742361684558,0.3487927565392354,97,0.3695591935495842,0.31362201851523136,0.29276725210897525,0.16698444536114349,0.4544436446930121,99
pos,18.0,10.0,0.3260362571651238,0.280997455696336,0.2600068422853233,0.13581552781891262,0.4134808853118712,97,0.418926942955187,0.3583410677261267,0.34213801687180195,0.2032376408671191,0.5144225429668725,99
pos,18.0,11.0,0.34617216690823543,0.2986320060361237,0.280067932684885,0.1455157745480326,0.43273361976369495,97,0.4360265320108562,0.3730514241502294,0.3551376019914258,0.20999872872128436,0.5380411399345756,99
pos,18.0,12.0,0.3587521941484519,0.3095073595070676,0.29133858267716534,0.14923785891527827,0.45435016111707843,97,0.44670960016427874,0.3821211945751253,0.3652330244779422,0.2131218716480497,0.5508031143461334,99
pos,18.0,13.0,0.3695812727153543,0.31893763214634613,0.3003978779840849,0.156830896950009,0.47395273899033297,97,0.45590574753025176,0.38999407346049664,0.37311575162494814,0.2170566784695593,0.5592854335547215,99
pos,18.0,14.0,0.3793892073388348,0.32741567115817216,0.31087533156498676,0.1632075471698113,0.4911385606874329,97,0.4642347306100334,0.3970668846412005,0.3778177292214078,0.22174634079711142,0.5667326217062744,99
pos,18.0,15.0,0.4147140869793222,0.3607486389090129,0.3427055702917772,0.19184262768453347,0.5358270825108566,97,0.4942329245332034,0.42505128853848023,0.410869865855345,0.24609925467471325,0.6060193286761584,99
pos,18.0,16.0,0.4315913676191031,0.376284625591653,0.35355874633317896,0.20660772452303397,0.5627013963480129,97,0.508565257514393,0.4381065957866126,0.4209652883418614,0.2541915497753421,0.6278715590336594,99
pos,18.0,17.0,0.44409564666380186,0.38772560012437346,0.364983788791107,0.2175358767938397,0.5783562367864693,97,0.5191839996437327,0.4477290812903034,0.43119900428709723,0.2622978890906733,0.6398730507017478,99
pos,18.0,18.0,0.45546224607966673,0.3981227881772428,0.3773209549071618,0.2285635511441963,0.5816596194503171,97,0.5288366143729079,0.4564677552751277,0.43839026414050614,0.27487629102916483,0.649581837240381,99
pos,18.0,19.0,0.46523667669359126,0.4070334534277133,0.38846153846153847,0.23476702508960573,0.5857558139534884,97,0.5371371455574221,0.4639495823329296,0.44579326923076923,0.2874001885535783,0.6586125712616222,99
pos,18.0,20.0,0.49084393686679245,0.43208603550847036,0.41458885941644563,0.2525031289111389,0.6156731148835373,97,0.5588830528141399,0.48510890971797016,0.46947115384615384,0.3178567743266949,0.6868790372154323,99
pos,18.0,21.0,0.5067525146215868,0.44732161455780917,0.43890219995643653,0.26192445547284254,0.6319581523884722,97,0.572392754910426,0.49800795935059,0.4955942823575485,0.33066158897897424,0.6958173407433064,99
pos,18.0,22.0,0.5181293109099252,0.458202540335344,0.45828795469396644,0.27289489858635524,0.6423213580734307,97,0.5820540289120737,0.5072072652554614,0.5130213432543568,0.3382578950418066,0.7020990792228823,99
pos,18.0,23.0,0.528600042244186,0.46827613354645914,0.4744762822056345,0.28395820528580207,0.651993683379392,97,0.5909458647025787,0.5157255278583808,0.5277070687291953,0.3457370846671215,0.7077506453280351,99
pos,18.0,24.0,0.5384618746221694,0.4779065501289628,0.4843486636166627,0.2984019668100799,0.6593959731543624,97,0.599320618222573,0.523891314477075,0.5379102225575254,0.35087929085026703,0.7126094491301257,99
pos,18.0,25.0,0.5598636532480681,0.49951624344240536,0.5020467132193595,0.31161647203441917,0.6800650557620818,97,0.6174951941037776,0.5422835973833092,0.5652265321139494,0.3638848207174781,0.735260553526035,99
pos,18.0,26.0,0.5750803003707291,0.5146822696016388,0.5304232804232805,0.3245236631837738,0.7021782178217821,97,0.6304173027108471,0.5551908877545169,0.5829417293233082,0.37404510398624685,0.7511117166771444,99
pos,18.0,27.0,0.585762252634799,0.5252745182323127,0.5493386243386243,0.33620159803318994,0.7128017556693489,97,0.6394885091454288,0.5642137922056453,0.5963787250094305,0.38068299248487053,0.7561226465119477,99
pos,18.0,28.0,0.5958527862954034,0.5353541040191049,0.567063492063492,0.34634296250768287,0.7231894659839063,97,0.6480574777765957,0.5728148291820438,0.6029489204844655,0.3884472664304456,0.76332897912912,99
pos,18.0,29.0,0.6053256808233246,0.5448820538967073,0.5792656112576957,0.3543331284572833,0.7344554455445544,97,0.656101941903704,0.5809479762032701,0.6110356075020386,0.3954106757624026,0.7750439970848851,99
pos,18.0,30.0,0.6224025288243734,0.5622829592676393,0.591358839050132,0.3629379225568531,0.7585866561389657,97,0.6706037492175729,0.5958165634327148,0.6276162000543626,0.41508984584415853,0.7971765427926297,99
pos,18.0,31.0,0.636783032404204,0.577249135577383,0.6032321899736148,0.3721573448063921,0.786653677545056,97,0.6828157974818836,0.6086374472852308,0.6429736341397119,0.42579368406622436,0.8157104065478124,99
pos,18.0,32.0,0.6467308098501788,0.5873819416107042,0.609912189313886,0.38543733781102124,0.7978799856270212,97,0.6912635362984332,0.6173045524927403,0.6504484914378907,0.4347884679101952,0.8305683397321612,99
pos,18.0,33.0,0.6564251221803826,0.5972607467391333,0.6185136323658751,0.4017707220271714,0.8045286506469501,97,0.6994960303420907,0.6257666801880623,0.6656700190269095,0.44348544281278646,0.8395280394410718,99
pos,18.0,34.0,0.6654901418093622,0.6065309611553121,0.6270888302550571,0.41489848878033886,0.8177757239679606,97,0.7071941235702922,0.633703335620613,0.6742321282957325,0.452758031229108,0.8463879417625472,99
pos,18.0,35.0,0.6792632031289831,0.6212230454449129,0.643250483702932,0.4305455592342018,0.8402908699165096,97,0.7188903266030169,0.6463224326235455,0.682658331068225,0.46489672571051943,0.8669220485967757,99
pos,18.0,36.0,0.6919612227506792,0.6345537455072365,0.6516913319238901,0.4436229205175601,0.851520572450805,97,0.7296735949093374,0.6577956817240551,0.6914922533297092,0.4810138498461835,0.8758414584192831,99
pos,18.0,37.0,0.7018784095792333,0.6449293928553844,0.6598704935246762,0.45325275506576607,0.8602045786653677,97,0.738095355908469,0.6667113655364185,0.7003261755911933,0.49061152253253304,0.8842328381799632,99
pos,18.0,38.0,0.710470002986227,0.6539191926503035,0.6706355112367912,0.46794643915155826,0.8653190452995616,97,0.7453914114861538,0.6744560399571232,0.7082517140058766,0.5003382547414232,0.8890443753450757,99
pos,18.0,39.0,0.7192189195685266,0.6631280197695565,0.6840230873142576,0.48299561559426474,0.873356064296152,97,0.7528210672677026,0.6824033160112033,0.7189030362389814,0.5086462597358308,0.8945173057311153,99
pos,18.0,40.0,0.7315920959671369,0.6765150419567147,0.7030578410905072,0.5037326697476004,0.8838285435947394,97,0.7633284758938225,0.6939988331724587,0.7377571008814887,0.5273652290645028,0.9015009909882259,99
pos,18.0,41.0,0.7432412944201258,0.6890259929163104,0.7245486921282083,0.5225737646640597,0.8987138263665595,97,0.7732210761743828,0.7048311829778909,0.7475514201762977,0.5438182082787111,0.9117586828766374,99
pos,18.0,42.0,0.7524141095581113,0.6988472057710579,0.7403905194645708,0.5397558952482522,0.9048964218455744,97,0.7810107102830097,0.7133489686746878,0.7590156176053006,0.5528765888501812,0.9209225706692403,99
pos,18.0,43.0,0.7608061356038369,0.7078595813795081,0.7559867370747881,0.556227041118616,0.9081607030759573,97,0.7881372915280153,0.7211613180902681,0.7640793339862879,0.5623802870486986,0.9250415623721273,99
pos,18.0,44.0,0.7689155626124388,0.7165741538254203,0.7658943043031617,0.5710392226567129,0.9159766195811009,97,0.7950238872216353,0.7287245651678645,0.7703232125367288,0.5733468853580301,0.9294056571642053,99
pos,18.0,45.0,0.7791342855269963,0.7279321284396248,0.7718296998059582,0.5989925202259198,0.9216358236234864,97,0.8037017152781729,0.7386147853686524,0.7861165523996082,0.5998963789236988,0.9337922138485013,99
pos,18.0,46.0,0.7892758035499683,0.7394358538554683,0.7775368108663394,0.6168523889482522,0.9301391338428375,97,0.8123139802717032,0.7486336960768456,0.7971351616062684,0.6180807698804784,0.9388025021911107,99
pos,18.0,47.0,0.7972905453141729,0.7483655360006755,0.7838146330327588,0.6341016638681117,0.9327846364883402,97,0.81912016843522,0.7564196541969986,0.8057051909892262,0.6294252720744724,0.9402319442796354,99
pos,18.0,48.0,0.8046701675928826,0.756677402046451,0.7932884373929917,0.6489085635780797,0.9367877492877493,97,0.825387007627582,0.7636752379274828,0.8146425073457395,0.6408955824755616,0.9436984536269393,99
pos,18.0,49.0,0.8118181751968361,0.7648208184628295,0.8017349617623559,0.6585576507845113,0.9460470085470085,97,0.831457157630922,0.7707834299674013,0.8243143976493633,0.6573496660821392,0.9492567406265002,99
pos,18.0,50.0,0.8203850047706797,0.7745653268458828,0.8164997217584864,0.677270764358716,0.9520505385252692,97,0.8387321835468875,0.7793129730174703,0.8379652361779436,0.6744670890498998,0.9580763063551394,99
pos,18.0,inf,1.0,1.0,1.0,1.0,1.0,97,0.9912627940750783,0.9797979797979798,1.0,1.0,1.0,99
pos,20.0,0.0,0.0,0.0,0.0,0.0,0.0,97,0.15198260228456348,0.13473940512569207,0.13234521181541048,0.08367467146090665,0.18399025968154784,99
pos,20.0,1.0,0.00019308462265221627,0.0001756149278518873,0.0,0.0,0.0,97,0.15214465438369484,0.13487962388693983,0.13234521181541048,0.08367467146090665,0.18399025968154784,99
pos,20.0,2.0,0.008511936609286633,0.006822308710935423,0.004923999143652323,0.002511773940345369,0.009638779711772412,97,0.1591265020745143,0.14023493338205062,0.13623346515750717,0.08662488275952676,0.19317477911470143,99
pos,20.0,3.0,0.014260257436337347,0.011376018404557242,0.007857928650007858,0.0042909889232611515,0.016189406700355607,97,0.16395095388071482,0.14390524762107,0.13909723169234967,0.08862041770563739,0.19811360755052776,99
pos,20.0,4.0,0.018655511976405355,0.014906704959181333,0.010372465818010372,0.005987426404550444,0.021895824833401332,97,0.16763980395407121,0.14675711911365028,0.14127914905222966,0.09045592959356905,0.20164562133315522,99
pos,20.0,5.0,0.21915252063868265,0.18889793982243197,0.17358339984038307,0.08779692594317652,0.28437832093517534,97,0.33591297183757185,0.28748761318491356,0.2717258261933905,0.15831078873428295,0.42115133117963377,99
pos,20.0,6.0,0.2413248258185093,0.2067966598337769,0.1879454601797335,0.09594706368899918,0.3107804604154969,97,0.35452174838133454,0.30199712662878303,0.28529940533812753,0.1637728921428126,0.43874048878720673,99
pos,20.0,7.0,0.2540831501977275,0.21703334036199765,0.1956637403564778,0.09727047146401985,0.332233676975945,97,0.3652295573132504,0.3102991205674836,0.2920757848153782,0.16636534415103243,0.44976117632757806,99
pos,20.0,8.0,0.2635870406317847,0.224733955075595,0.20297951582867785,0.09842845326716294,0.34658687493660617,97,0.37320598429950197,0.3165512728903264,0.29774581662287375,0.16933823398095288,0.45930547068050875,99
pos,20.0,9.0,0.27518685727508957,0.23407137655169044,0.21189146049481244,0.0999172870140612,0.3617817705408946,97,0.3829414806366297,0.3241364080751174,0.3031392615129304,0.1729108472299603,0.47067950888775856,99
pos,20.0,10.0,0.3366172458468382,0.2910073791436881,0.27413526071244193,0.1380110694518836,0.4207560137457045,97,0.43449878893889277,0.3712588065789802,0.3549993085327064,0.20862151011268293,0.5366332506795473,99
pos,20.0,11.0,0.3552064310444699,0.3074608426761472,0.2902624631153906,0.1464035646085296,0.4519587628865979,97,0.4501003238567905,0.38485097193457335,0.36799889365233024,0.21526861589411572,0.5541002934546975,99
pos,20.0,12.0,0.36758153403521804,0.3182774014152281,0.30154296355413673,0.15636890741076281,0.4725773195876289,97,0.46048650266829294,0.3937790048052798,0.3749135665883004,0.21975690604912956,0.5637801633493451,99
pos,20.0,13.0,0.3781908707821696,0.3275237283456193,0.3117850492152168,0.16174236029039338,0.4918213058419244,97,0.4693907088480446,0.40140990889379286,0.3814133591481123,0.22558863059785472,0.5725051864749864,99
pos,20.0,14.0,0.38778172299284114,0.3358199410134566,0.32255919127427507,0.16824644549763032,0.5051878714616702,97,0.4774401211308515,0.40826260998037506,0.3878605769230769,0.23266566016822043,0.5814576564638636,99
pos,20.0,15.0,0.42567494867044287,0.3719301189443187,0.3552806597499335,0.20239173763362928,0.5520274914089347,97,0.5092431548451104,0.4382998447471864,0.42179504909417787,0.25804424066310516,0.628103857802168,99
pos,20.0,16.0,0.4414887266585011,0.38673858346962847,0.36459164671455174,0.2215981156006523,0.5709843158464034,97,0.5225153454678605,0.4506349098655445,0.43382658000276586,0.27094994418438856,0.642616856767936,99
pos,20.0,17.0,0.45398321785104184,0.39817771960451354,0.37842511306198456,0.22780244173140954,0.5754461871281774,97,0.533001724432261,0.46013833497195156,0.4417093071497718,0.2844180401684787,0.6530028417815282,99
pos,20.0,18.0,0.46505094633574023,0.40830024159841555,0.39172652301143923,0.2327968923418424,0.5799080584099513,97,0.542290649717584,0.4685531040707693,0.4503605769230769,0.29802253262164524,0.6635630371578497,99
pos,20.0,19.0,0.4744280789259189,0.4170088202475886,0.40422984836392656,0.2390894819466248,0.58789160874383,97,0.5501606913563142,0.4758026110818716,0.46165865384615384,0.3098516766922107,0.6726296373878766,99
pos,20.0,20.0,0.5013877036047867,0.4435331300961785,0.43923801182395444,0.2592478421701603,0.6228467815049864,97,0.5727873703273947,0.4980182741933657,0.49853142745251616,0.32958082428106633,0.6956974493629167,99
pos,20.0,21.0,0.5169405962630019,0.45851014895285747,0.46441865557258594,0.2697287299630086,0.6387629696786542,97,0.5858406050604789,0.5105761375895307,0.5210495398472684,0.3385705016355304,0.7046208195130547,99
pos,20.0,22.0,0.5277032215653414,0.4689435734788798,0.47673855100557305,0.28236744759556104,0.6480306235519291,97,0.5948734632883959,0.5193222431351142,0.5342637998239658,0.34683076360463894,0.7104421290187255,99
pos,20.0,23.0,0.5380384076266952,0.4790918538138748,0.4863096680397383,0.29932182490752157,0.6574997481615795,97,0.6035475802281595,0.5278606255120494,0.5415566452910852,0.3526437804941699,0.7159451256429377,99
pos,20.0,24.0,0.5477014823298092,0.48845374485990634,0.4949115580324691,0.30941915227629513,0.6644518272425249,97,0.611657607418275,0.5357121868539024,0.5499811391927575,0.3566121202807332,0.723678816278712,99
pos,20.0,25.0,0.5704987331585254,0.5115544205567839,0.5209938878554345,0.32552404438964244,0.6971634039153016,97,0.6307908884660964,0.5552161499000796,0.5809944286765479,0.3718280848082653,0.7491397071820256,99
pos,20.0,26.0,0.5848857484387413,0.5259969826476647,0.5503587563114536,0.33847102342786684,0.7113325950535253,97,0.6428656254097691,0.5674328292466578,0.6018957345971564,0.3822976591818219,0.7581863478650459,99
pos,20.0,27.0,0.5955569901792149,0.5366770753718673,0.5705554079192134,0.3461775585696671,0.7259288853375949,97,0.6518217872243568,0.576465423425408,0.6049616314516977,0.390485295463215,0.7707943261806828,99
pos,20.0,28.0,0.6055295898499393,0.5467430983714437,0.579082486884697,0.35313531353135313,0.7375149820215741,97,0.6601915925886523,0.5849829994888794,0.6156564283772764,0.3977742256285053,0.7811257159757797,99
pos,20.0,29.0,0.614777016739405,0.5560215146184455,0.5883469137180489,0.35492267646608483,0.744736577012189,97,0.6679527748020119,0.592833832313559,0.6228594726827943,0.4042493537104623,0.7888418507673548,99
pos,20.0,30.0,0.6326822991514595,0.5743389898786629,0.6012947873646612,0.36989480198019803,0.7719243879764487,97,0.6829803236588643,0.6083726869504194,0.6386246262571351,0.42482699834271515,0.8069490274572707,99
pos,20.0,31.0,0.6470914233579332,0.5892997770530961,0.610670833798415,0.3908754623921085,0.7976366322008862,97,0.695073616186407,0.6210819031579004,0.6550693123131286,0.4362658604712778,0.8335390049620546,99
pos,20.0,32.0,0.6565599395099777,0.5989277659831193,0.6194887822301596,0.4040728831725616,0.8084687346134909,97,0.7030203542384664,0.6292665445350248,0.668116335960859,0.4466879976924523,0.8413509346018242,99
pos,20.0,33.0,0.665780835687934,0.6083691732476038,0.6286415894631098,0.4183107274969174,0.8208862720793306,97,0.710759269751182,0.6372869049876682,0.676678445229682,0.4548574136787485,0.8485857442226079,99
pos,20.0,34.0,0.6746214583342546,0.6175277496899713,0.6391338319008818,0.4294901240238861,0.8313638601674053,97,0.7181790292213335,0.6450738096990457,0.6843958254746636,0.46018111719514754,0.8574626944334824,99
pos,20.0,35.0,0.6890556393238206,0.6329151423845688,0.6488319517709118,0.4452610626244067,0.8508124076809453,97,0.7302933514105955,0.6582064568166267,0.6918999728187007,0.4791034091261208,0.8784091466932438,99
pos,20.0,36.0,0.7019849393994331,0.646499450043746,0.6643556895252449,0.4624463519313305,0.861398325947809,97,0.7411446568577726,0.669813752861272,0.6999184561022017,0.4937830691496585,0.8861542570745427,99
pos,20.0,37.0,0.7116966537403144,0.6567174683115539,0.6758995919376778,0.4781831187410587,0.8680452978828164,97,0.7492955063324023,0.6785559526868954,0.7094760039177277,0.5033740679445771,0.8916780540809623,99
pos,20.0,38.0,0.7200331928679552,0.6653686235578268,0.6933349820699889,0.49272770624701956,0.8732151649433777,97,0.7562921984903177,0.685970980514941,0.7228925619834711,0.5120646556737354,0.8956469696829791,99
pos,20.0,39.0,0.7288856069416133,0.6746120628949912,0.6999274836838288,0.5065569861707201,0.8825701624815362,97,0.7637218542718666,0.693883501657647,0.7362178038861275,0.5216018671937757,0.9003332857776176,99
pos,20.0,40.0,0.7417146798848567,0.6885444302642362,0.7291950043279337,0.5282546494992847,0.8965775668248813,97,0.7744890410721664,0.7058892505677675,0.7525982828739268,0.542300967652358,0.9116747483595534,99
pos,20.0,41.0,0.7533012311724069,0.7011421937807913,0.7477432917027328,0.5463757749165474,0.9049581455247907,97,0.7842134040589721,0.7167399248725572,0.7600567912920019,0.5583539141215366,0.9238120541587507,99
pos,20.0,42.0,0.7619296081266517,0.7103615250092872,0.7569564715390833,0.5621125417262757,0.9121122599704579,97,0.7914550299239715,0.7246883257395867,0.7634671890303624,0.5683688044447943,0.927978227571325,99
pos,20.0,43.0,0.7698961912215772,0.7189730534431504,0.7636531578339684,0.5795437145919461,0.9175283111767603,97,0.7981412253117957,0.7321239433467992,0.7709353574926543,0.5817731228817282,0.9304312234023386,99
pos,20.0,44.0,0.7777831821819742,0.7276981816759708,0.7694261632605934,0.5919461032001225,0.9214672575086165,97,0.8047606205976877,0.7396566339899563,0.7763222331047992,0.5948940081111311,0.9347463184775808,99
pos,20.0,45.0,0.7882466000156236,0.7393367122695772,0.7742754878189585,0.6150666054203031,0.9246460045549064,97,0.8135423599238973,0.7497371209958278,0.7926052889324192,0.6166054541362065,0.936993726199579,99
pos,20.0,46.0,0.7978182911568716,0.7501528046810837,0.7806257937882461,0.6300719644771092,0.9307852262600258,97,0.8215756907006836,0.7591199151395004,0.8044809010773751,0.634909067694374,0.939982682801972,99
pos,20.0,47.0,0.8056212681974887,0.759036177122949,0.7894007620367163,0.6505894962486602,0.9401939655172413,97,0.8281245747678696,0.7668235713838889,0.8143976493633692,0.6489878017606563,0.945739035413883,99
pos,20.0,48.0,0.8124426089122556,0.7668429944934957,0.799214871261979,0.6613321799307958,0.9491738505747126,97,0.8338495909112276,0.7736056970567227,0.8239471106758081,0.6636571142468362,0.95182839510329,99
pos,20.0,49.0,0.8192374189155129,0.774654058006733,0.8089966367713004,0.6707035755478662,0.9537037037037037,97,0.8395523403539416,0.7804000796590577,0.8331292850146915,0.675853857338782,0.955890633567049,99
pos,20.0,50.0,0.8273970866330905,0.7839744873471958,0.8255337502695709,0.692762399077278,0.9554924242424242,97,0.846400587840897,0.7885140047463594,0.8461067580803134,0.6925982445709735,0.9632437406709151,99
pos,20.0,inf,1.0,1.0,1.0,1.0,1.0,97,0.9912627940750783,0.9797979797979798,1.0,1.0,1.0,99
neg,2.0,0.0,0.0,0.0,0.0,0.0,0.0,95,0.005874893916910265,0.005591128847104318,0.005606777971592325,0.004279073970301155,0.007378561490532938,99
neg,2.0,1.0,0.00038063820338768,0.00020760268841972084,0.0,0.0,0.0,95,0.00624711528440194,0.005788836337815239,0.005607975787787075,0.004279073970301155,0.007384281176570773,99
neg,2.0,2.0,0.010799974624119774,0.010481798339467613,0.01008012406306539,0.007891492465132936,0.013214949974947397,95,0.016436054850540713,0.015583206366494348,0.015479876160990712,0.011886316584169877,0.020462083341433106,99
neg,2.0,3.0,0.023424475036477828,0.02275088177761447,0.021937842778793418,0.01716698711680749,0.0287490884579243,95,0.028781396872347924,0.02727909975098957,0.027149724051985045,0.02128485657162007,0.0356799119384726,99
neg,2.0,4.0,0.033145974750999174,0.03214355381615607,0.0320669773319643,0.02424619099897579,0.040776351633434536,95,0.038287930598085294,0.03623321355549406,0.03678724708767627,0.02717974498925163,0.04715820571076096,99
neg,2.0,5.0,0.04848696314153397,0.04687348822389398,0.04860925975295477,0.0348690931233461,0.06049474188281695,95,0.05328969244589142,0.05027438594595516,0.052616279069767444,0.03632791459387663,0.06758201230667746,99
neg,2.0,6.0,0.0834612700628053,0.08006255312116,0.07992354523573553,0.054453120408026454,0.10496449494414523,95,0.08749063242891812,0.0819101688330254,0.08338580552307277,0.05460500547106495,0.11103172137982573,99
neg,2.0,7.0,0.11096618663959906,0.10584135387929654,0.10385105479258105,0.06924675591421217,0.13947578772563218,95,0.11438734844386654,0.10648339348401024,0.10765013705457264,0.06984753729859688,0.14409799903162224,99
neg,2.0,8.0,0.13287064645054875,0.12624418355675746,0.12457029129726796,0.0818209779585323,0.16870743425979973,95,0.13580744740512077,0.1259338459544346,0.12805169937769267,0.08222572640150039,0.17258146611689595,99
neg,2.0,9.0,0.15804098204656475,0.1496370290905787,0.14863397865026234,0.09424440111831918,0.20006655447068067,95,0.1604212056994536,0.14823477304667143,0.14877397044954416,0.09641820327909545,0.20439746203860754,99
neg,2.0,10.0,0.1785535748271268,0.16849536480545782,0.1665668064709407,0.10617470729056364,0.22625552969895907,95,0.18048021519357993,0.16621336682412954,0.1675442795595979,0.10759024139383203,0.23189073686075332,99
neg,2.0,11.0,0.2099410010784749,0.1974043148971467,0.19915700737618547,0.12332691611987032,0.2692033426256727,95,0.21117358915694343,0.19377278282611698,0.19781515246777742,0.12262033423720184,0.27417874301000567,99
neg,2.0,12.0,0.23571274503584344,0.22088074665318483,0.2247980330172111,0.13919464636706305,0.3033982148672477,95,0.23637545721191308,0.2161558238916002,0.22351828499369483,0.13712681590978215,0.3084069091085759,99
neg,2.0,13.0,0.2580803146609148,0.2411036381154467,0.24540451937712213,0.1534888390306145,0.3284529493952278,95,0.2582484255036155,0.23543722165179998,0.24574401008827237,0.15011038175706337,0.330622235903158,99
neg,2.0,14.0,0.2768660787921081,0.25803427000919493,0.26056672471109704,0.16550622150611005,0.3482709290623237,95,0.2766187907272213,0.25157970098392607,0.26328198679660486,0.1621134399219097,0.35170090497136397,99
neg,2.0,15.0,0.2945023155490706,0.2739928558791785,0.2781127524871872,0.17876749182832674,0.3682286380606676,95,0.2938650474210022,0.266796882210281,0.28043297252289756,0.17446188784333075,0.3693659178999307,99
neg,2.0,16.0,0.3165070100869124,0.29402405828225636,0.2995885561190317,0.19148391356060512,0.39413139188111385,95,0.31538316467569594,0.285897286684339,0.29600239556819885,0.1881800852589692,0.3950402167597844,99
neg,2.0,17.0,0.3380930026010277,0.3137356652936827,0.3196137406996992,0.2055380211035145,0.41675160519050475,95,0.3364918384261488,0.30469382375328385,0.3195535994970135,0.20220127300466834,0.41505502224610114,99
neg,2.0,18.0,0.3572594049356087,0.33122576046717167,0.3344942219407947,0.2200181153300928,0.43371008357219104,95,0.3552344250172463,0.3213726845705639,0.33709016393442626,0.21430813581806782,0.43546391810190005,99
neg,2.0,19.0,0.3734580980777771,0.34595491249268207,0.3493747031818901,0.23227042937080838,0.4472614831885725,95,0.37107492567980027,0.3354187658960224,0.3508855911919579,0.22329197383275007,0.4483666647705094,99
neg,2.0,20.0,0.38981919685339084,0.36099061230236196,0.3653739830977016,0.24513583002394174,0.4617943583264022,95,0.3870742407924841,0.34975786025951494,0.36743379571248425,0.2379027280233963,0.461923628789632,99
neg,2.0,21.0,0.4089399226035653,0.3786701685162254,0.38503946873825334,0.25796542555775104,0.4816464545676391,95,0.4057721608194826,0.36661806416102866,0.3831967213114754,0.2521807774631127,0.48292741367159975,99
neg,2.0,22.0,0.42580600139567343,0.3942434244032463,0.40818260800884604,0.2727079543372286,0.4994575426172593,95,0.42226528961303866,0.38147086527414653,0.3975409836065574,0.26693462351644226,0.4990497160868922,99
neg,2.0,23.0,0.44145276914292964,0.4086921959961789,0.42421609667482824,0.28495572159955723,0.5171289451587795,95,0.4375660692927298,0.3952513387454413,0.4082597730138714,0.28128079244448767,0.5137036379567359,99
neg,2.0,24.0,0.4559512783099664,0.4220258966223873,0.4388361885884185,0.3015128158018493,0.5336507479368894,95,0.45174398118048764,0.40796879964722627,0.42357563850687624,0.29327176210125927,0.5282466675494286,99
neg,2.0,25.0,0.46970754298039713,0.43478091699687044,0.4518618150927368,0.3150730284791623,0.5557551768929008,95,0.4651960614016368,0.4201345146800688,0.44233791748526524,0.3031457162379092,0.5489448643120126,99
neg,2.0,26.0,0.4856892723466345,0.4497018358478722,0.4657822960575254,0.3332190621921105,0.5809834260623064,95,0.48082439588472053,0.43436653608071646,0.4644400785854617,0.31597857343432867,0.5789998448825162,99
neg,2.0,27.0,0.5006267842415784,0.46358319657123703,0.48249932861874495,0.34914421252711214,0.6016514989992925,95,0.4954316030829855,0.447607503917492,0.4828668941979522,0.3266714358738457,0.600841711377488,99
neg,2.0,28.0,0.5146114318340418,0.4766329285205411,0.4986922406277245,0.3595571139159809,0.6183917743201356,95,0.5091070161246296,0.4600546020904778,0.49403370648296224,0.3367136987129131,0.6155091405240156,99
neg,2.0,29.0,0.5282382795153207,0.4893685381303296,0.514722465856409,0.3692124439915069,0.6301824495166534,95,0.5224325410808316,0.4722023925996528,0.5118264088852325,0.3487332627171359,0.6259638072180389,99
neg,2.0,30.0,0.541297976273552,0.5016302855752112,0.526783867631851,0.378100477060825,0.6429612077810318,95,0.535203456199471,0.48389897753514,0.5252732979759714,0.3602126305836855,0.6371560762428445,99
neg,2.0,31.0,0.5565501490832964,0.5158578395364782,0.5448810754912099,0.3895095001122242,0.6576360090545572,95,0.5501183663948623,0.4974712214694963,0.5345816646823249,0.3711630878709572,0.6505037033997415,99
neg,2.0,32.0,0.5699207003742942,0.5285888771866025,0.5547257876312719,0.39773705469820203,0.6702996725512316,95,0.5631932622969532,0.5096159644436613,0.5414073719483006,0.38550463329932855,0.6621117508845329,99
neg,2.0,33.0,0.5834155934783988,0.5414610267496898,0.5668611435239207,0.4073456563908409,0.684867927432635,95,0.5763897505124248,0.5218953875944112,0.5492680526510025,0.4000751218428604,0.6776345334968124,99
neg,2.0,34.0,0.5964841717947091,0.5540598304153903,0.5766627771295216,0.4236490296020582,0.6982131597462389,95,0.5891693507963056,0.533914629081365,0.5593553942674375,0.4108841761972638,0.6924368402889557,99
neg,2.0,35.0,0.6090782211507961,0.5661366619687919,0.5855518221762729,0.4380407020552638,0.7116764784331036,95,0.6014849151087135,0.5454362950633354,0.5711945392491468,0.42390621717799937,0.7080899433082204,99
neg,2.0,36.0,0.6234790331789634,0.5800154254781603,0.5943990665110852,0.45211366791530294,0.7282931428869805,95,0.6155672901788152,0.5586767952900933,0.5845870765234332,0.43602954621008766,0.7265317962635267,99
neg,2.0,37.0,0.6369954957812599,0.5931732110807878,0.6053994082840237,0.4700710797575019,0.7483720385040978,95,0.6287848709384445,0.571229579387694,0.601559528337771,0.4491572650714121,0.7439709298381146,99
neg,2.0,38.0,0.6492317452261626,0.6051300986845963,0.6190021028484037,0.48112226964302574,0.76078563347713,95,0.6407505471654102,0.5826368433178329,0.6166002826673519,0.4645737151626436,0.7588032449251474,99
neg,2.0,39.0,0.6616938400050751,0.6173139167935836,0.6365895622251959,0.4866945645297603,0.7729127836175258,95,0.6529370747370876,0.594260525819702,0.6261081845046897,0.47916286868628766,0.7730769560505613,99
neg,2.0,40.0,0.6735291505424095,0.6290096329205563,0.6488692626789776,0.4940690407819029,0.7819479826560713,95,0.6645106777902955,0.605419034414377,0.6351021457021714,0.4912505683359193,0.7827181478579084,99
neg,2.0,41.0,0.6863769587007549,0.6415939771417211,0.6577010571390338,0.5092086775308767,0.7983832300093531,95,0.6770743896810311,0.6174256654721871,0.6417833740203006,0.4997230712921273,0.7966340712320228,99
neg,2.0,42.0,0.6985472308570704,0.6536173214256719,0.6669342968018199,0.5219963601137099,0.8096486339905385,95,0.6889755475376316,0.6288981910464257,0.6540751163545838,0.5049940971110396,0.8086099623330227,99
neg,2.0,43.0,0.7099689145467233,0.6649494800771931,0.6763013515321825,0.5343707995848337,0.8212310423250222,95,0.700144670038165,0.6397114104087979,0.662734062127936,0.5156593446224654,0.8206180725999168,99
neg,2.0,44.0,0.7213779102962634,0.6764053551752499,0.6866051117355815,0.5472752180391296,0.830339084293573,95,0.7113013851597823,0.650642791622856,0.6772050682740804,0.5293132545843777,0.8310861588153511,99
neg,2.0,45.0,0.7324265685465965,0.6875927736669185,0.7024949231215549,0.5622436977927773,0.8402895345124428,95,0.7221057307201739,0.6613182678603717,0.6893836880305081,0.5462627664923456,0.8394760664856138,99
neg,2.0,46.0,0.7440956670684514,0.6993988861581367,0.7181130992249546,0.5805382191995581,0.8517300455198756,95,0.733516797109577,0.672584175756816,0.7045147004551605,0.5639196995320965,0.8504111447407341,99
neg,2.0,47.0,0.7548664594303115,0.7104134177372228,0.724715338245144,0.592427112650646,0.864424518883127,95,0.7440494210716998,0.6830950936873857,0.7180880558944216,0.5814080194212863,0.8608051682558548,99
neg,2.0,48.0,0.7652502696187274,0.7210938034429168,0.7366250557289344,0.603457684624466,0.8739240838067176,95,0.7542036199768727,0.6932871886145002,0.7310403963414634,0.5958975656283753,0.8732341814277268,99
neg,2.0,49.0,0.7753536763306477,0.7316623914450305,0.7549041462327241,0.6158153831199802,0.8830202712052027,95,0.7640836158079933,0.7033733556490998,0.7397103658536586,0.608201252696347,0.8804390860974405,99
neg,2.0,50.0,0.7848950072955656,0.7417458917447121,0.7699509585376728,0.6274386442053119,0.8899788494077834,95,0.773413964753118,0.7129970656949539,0.7520382017237364,0.621917935493935,0.8870607341149328,99
neg,2.0,inf,1.0,1.0,1.0,1.0,1.0,95,0.9837624632121215,0.9595959595959596,1.0,1.0,1.0,99
neg,4.0,0.0,0.0,0.0,0.0,0.0,0.0,95,0.020186805496965155,0.01902219244277989,0.020485651214128035,0.014471646140631175,0.023878651609033682,99
neg,4.0,1.0,0.0006077657526573656,0.00034412928800873685,0.0,0.0,0.0,95,0.020772433781818724,0.01934229030379691,0.020848006761515707,0.014471646140631175,0.024018732658064534,99
neg,4.0,2.0,0.018785369842199803,0.018346282353592404,0.017536309844002153,0.013246045371968086,0.02415261983542114,95,0.038287930598085294,0.03623321355549406,0.03678724708767627,0.02717974498925163,0.04715820571076096,99
neg,4.0,3.0,0.03137461934163002,0.030510557084172753,0.029490616621983913,0.02194663976036635,0.040305401527732085,95,0.05041862496463897,0.04764394273617854,0.04691239827668741,0.034993252828896176,0.06291723304996441,99
neg,4.0,4.0,0.03844633441280428,0.037177415286361315,0.03754236551664204,0.026971913967215,0.04799370695943524,95,0.057232757465519896,0.053897065251127294,0.054856963219113486,0.03939722882848992,0.06999749669448108,99
neg,4.0,5.0,0.07010294676255287,0.06715140678815838,0.06759992632160619,0.045302537583134794,0.08893382631446736,95,0.08773629853146263,0.0820117719258688,0.08381324557795146,0.056200567967534996,0.1111555194731598,99
neg,4.0,6.0,0.11170914803345287,0.1063065276289538,0.10388653527353103,0.06672651550522996,0.1420424628546742,95,0.12782702128609927,0.11874418752107672,0.12240356083086053,0.07791904463508237,0.16128101733841926,99
neg,4.0,7.0,0.13888735087527282,0.13138090396228327,0.12805022506515043,0.07950589799557335,0.17791658085113082,95,0.15401527596492187,0.1422699492673766,0.1426812374942281,0.09246450922103394,0.19416001674914118,99
neg,4.0,8.0,0.15798304179033368,0.1489321957497683,0.14723999052357262,0.09118424493954617,0.20073646210564441,95,0.17241541889792697,0.1587398285168512,0.16154204518984394,0.10374090423447921,0.2201538457280416,99
neg,4.0,9.0,0.18140520077515887,0.17044504911152633,0.17424780857616678,0.10676416488162935,0.23251002641414684,95,0.19498444114683885,0.17893280282124283,0.1833542911034266,0.11510853487781045,0.24860023167940887,99
neg,4.0,10.0,0.20489431700392086,0.1919645749964367,0.1959251362236437,0.12070200211960527,0.2638896686315367,95,0.21761798176611594,0.1991290257836775,0.202059100911663,0.12749623468150434,0.2792701534199171,99
neg,4.0,11.0,0.23768276430406315,0.22208424458967865,0.2281220126879291,0.13882744364004643,0.30609516180222307,95,0.2492121314388093,0.22740059396044804,0.23773970449544168,0.14561918706987545,0.3234831046501295,99
neg,4.0,12.0,0.26069674162873496,0.2428870762099222,0.2466105094263939,0.15391949250592757,0.33070146508049614,95,0.2713878397760716,0.24692940387016565,0.25902632191940367,0.16017168239672225,0.34339147214792354,99
neg,4.0,13.0,0.2804529915080188,0.2607177062771337,0.26401925391095066,0.16638102312482966,0.3537457606927335,95,0.2904244812474875,0.2636707343665146,0.2793831411888007,0.17257376833038654,0.36671271698422814,99
neg,4.0,14.0,0.29748717189340923,0.27609630968342797,0.27749699157641394,0.17835958524373582,0.3723966961634347,95,0.30683820281597873,0.2781128247800495,0.2895643060338374,0.18266409686317106,0.3838757234414986,99
neg,4.0,15.0,0.31524371792973355,0.29232397658509335,0.30045406240942907,0.18834841003130412,0.39647997598527634,95,0.3239479783416794,0.293353193667084,0.30591174021648626,0.19497719318711085,0.4042588222817681,99
neg,4.0,16.0,0.3381971762070009,0.31338839892124054,0.3176093060569595,0.20240118538914892,0.4196724344472259,95,0.34606537199803467,0.31313946607699084,0.32795899347623486,0.20807852390874537,0.4257107216370859,99
neg,4.0,17.0,0.35816459893254704,0.33166201050269517,0.33501805054151623,0.21707466909323503,0.43278271780265454,95,0.3653054944836793,0.33030437476984403,0.34234517447343604,0.21933788666297171,0.4415228880093014,99
neg,4.0,18.0,0.376141331290279,0.3480807309638819,0.35119525108294564,0.23108630177407194,0.44691707452086654,95,0.38262743618885026,0.34572918305744527,0.3549545236955481,0.23352627195909897,0.4594387803047835,99
neg,4.0,19.0,0.39127753133792165,0.36191189240335386,0.36531365313653136,0.24501253917415128,0.4644870207659044,95,0.3972123101050657,0.3587237383650645,0.37218764959310674,0.2471703762231153,0.47412181211374943,99
neg,4.0,20.0,0.40739233725848717,0.3767908847390935,0.3838748495788207,0.2599821860051985,0.48338773608544444,95,0.41274014481892674,0.37270435105376554,0.3901324085750315,0.2611068948531977,0.4911787683355311,99
neg,4.0,21.0,0.42650991804175814,0.3945095717259546,0.40913415794481445,0.272222044318022,0.5043454569754577,95,0.4311613802960897,0.389352266802505,0.40510718789407313,0.27443106677034584,0.510214658792203,99
neg,4.0,22.0,0.44296466073923374,0.4097472107212837,0.42520350988476585,0.28548976306641116,0.5227566425089318,95,0.4470167698133434,0.4036718760752399,0.41793500617030027,0.2892372984686667,0.5243383652018339,99
neg,4.0,23.0,0.4575845174249789,0.42323427280145026,0.4401358618737617,0.3014402559966113,0.5415086016965984,95,0.46110410783501166,0.416345881840546,0.4376799670917318,0.3000580767504134,0.541989101333902,99
neg,4.0,24.0,0.47114078404357373,0.4357727446114645,0.45032550240588737,0.316709062867747,0.5632511168065278,95,0.47416659635818614,0.42812846226878826,0.45530451866404714,0.3092430706525384,0.5642630673556559,99
neg,4.0,25.0,0.4847485562344276,0.4484314724942693,0.46593489780469344,0.3298365421157564,0.5831476637790427,95,0.4872787143970262,0.4400256203408426,0.4755402750491159,0.32019947156401923,0.5863717877495251,99
neg,4.0,26.0,0.5012779820116788,0.4639694164302552,0.48644461657629745,0.346175682191724,0.6034488276022575,95,0.503206066711995,0.4546316759491365,0.49028158484923995,0.33332261057181345,0.6110489922463649,99
neg,4.0,27.0,0.5158682229933751,0.4775075822384712,0.4988381099922541,0.3566351775711918,0.6199484591846454,95,0.5172648677621555,0.46735677756901,0.5039078568490333,0.34285730788780555,0.6229005519194074,99
neg,4.0,28.0,0.5297811656998641,0.49055284970230445,0.514651782316377,0.3653585658661598,0.6335659525430043,95,0.530671040681314,0.4796191130399893,0.5219179564887975,0.354114163642374,0.6338291717105398,99
neg,4.0,29.0,0.5427167901727368,0.5027133821370571,0.5300012685525815,0.37597299875358603,0.6454434476867001,95,0.5431354935407186,0.49105248487100506,0.5306366682623265,0.36546130386410414,0.6439052914503784,99
neg,4.0,30.0,0.555737398839837,0.5150192035811721,0.5455410225921522,0.3865684895323004,0.6585317414024637,95,0.5556818351009712,0.5026242130904217,0.5372124492557511,0.37926265315480234,0.654381026090854,99
neg,4.0,31.0,0.5713719152990864,0.5297494690646153,0.5529131985731273,0.3970085378106575,0.6730086165872321,95,0.570746874581251,0.5164764666664858,0.5485299544839464,0.39312884135498194,0.6714016608902815,99
neg,4.0,32.0,0.5850762604379262,0.5429575465539184,0.5652794292508918,0.4098842718722608,0.6871574356114125,95,0.583952047961964,0.5288973293025477,0.5586172961003814,0.40665275890286645,0.6865212207769289,99
neg,4.0,33.0,0.598405902538581,0.555802005626571,0.5759809750297266,0.4233566458280823,0.7020281622835329,95,0.59679616661621,0.5409780235269026,0.5699658703071673,0.41811939958910804,0.7033302360176295,99
neg,4.0,34.0,0.6112513922600001,0.5681546578437011,0.58525564803805,0.4353801947719722,0.7122686538841216,95,0.6091737678231998,0.5525965941631071,0.5818811559692607,0.43153617348877654,0.7159371309502538,99
neg,4.0,35.0,0.6238779832993182,0.5803795109973575,0.5933412604042806,0.4522810324431007,0.7302411992332907,95,0.6213404435886111,0.5640947325073643,0.5947128185621909,0.44330710321825584,0.733956193552846,99
neg,4.0,36.0,0.6386433432266954,0.5947349873878026,0.6074603788171627,0.46941473865841177,0.7503447009316065,95,0.6355679849920345,0.5775971370979629,0.6130026981883593,0.4545239987034085,0.7524481941197321,99
neg,4.0,37.0,0.651805592217508,0.6076249559272755,0.6265945110166216,0.47773705442162107,0.7649506944784423,95,0.6482508077203675,0.5897208139616497,0.622510600025697,0.47049507865603707,0.7675333376304905,99
neg,4.0,38.0,0.663833430979314,0.6194405444377173,0.6408268733850129,0.4823942634437344,0.7744844292719846,95,0.6598405403661666,0.6008351101925345,0.6318900167030708,0.4852228293116785,0.7782391614432658,99
neg,4.0,39.0,0.6760183617365104,0.6315162816125854,0.6499388004895961,0.4941279785422022,0.7848269558889844,95,0.6715816430347457,0.612197154938246,0.6399845817808043,0.49601779332086005,0.78744143764063,99
neg,4.0,40.0,0.6875633357583874,0.642968756250303,0.6594587243302054,0.5096906080814645,0.7963207131979633,95,0.6827060989711802,0.6229741279997981,0.6482076320185018,0.5028864299736342,0.7962832489553198,99
neg,4.0,41.0,0.7004822209202758,0.6556569957999187,0.6681626546987625,0.5233705344503659,0.8113822161152311,95,0.6951544222379934,0.6349124351118629,0.6571057473752571,0.5092511075435742,0.8113154803510407,99
neg,4.0,42.0,0.7124843068959523,0.6675821485795479,0.6806745546035632,0.5367693513739897,0.8223223051759795,95,0.7067193401259597,0.6461346168877561,0.6753598228564399,0.5225761140132085,0.8242145464055484,99
neg,4.0,43.0,0.723812957514341,0.6789546253955714,0.6950396243029058,0.5494849865812246,0.8326583483921816,95,0.7176353520965989,0.656837872061226,0.6850781153893468,0.5376849263920784,0.8349996580587744,99
neg,4.0,44.0,0.734902107221725,0.6901434060229531,0.7108491933146556,0.5637849351098524,0.84365269613442,95,0.7283205868193933,0.6673699661310127,0.6975308641975309,0.5541631020600006,0.8449862151670252,99
neg,4.0,45.0,0.7456229920874564,0.7010849179232783,0.7188677422471259,0.5809672483345956,0.8530565172286078,95,0.7386509705051788,0.6776700045557839,0.709061262520382,0.568818346076736,0.8565762588424113,99
neg,4.0,46.0,0.7572104582064472,0.7130228459143063,0.7265964641097479,0.593243519992581,0.8673387849419155,95,0.7498163707920374,0.6889078466623313,0.7261838749029611,0.588590291428599,0.8685391829495048,99
neg,4.0,47.0,0.7677768263554013,0.7239695784379191,0.7412082957619477,0.6057807831017785,0.8781868677865289,95,0.7599978659308264,0.6992145868258015,0.7368521341463414,0.6025105215561504,0.8772727247893826,99
neg,4.0,48.0,0.7777508804233758,0.7344414497907797,0.758453561767358,0.6183817301444388,0.8848259042172503,95,0.7696086216394614,0.70907471556999,0.748311204286047,0.6154425878256935,0.8842841546817115,99
neg,4.0,49.0,0.7874313527294734,0.7447131472501028,0.7755861136158702,0.6312150321134546,0.8916378450736635,95,0.7789364891088028,0.7187482008302395,0.7601910086186816,0.628732845895304,0.8909155792354766,99
neg,4.0,50.0,0.7967525736690638,0.7546406705809403,0.7909152389540126,0.6460653605246335,0.8990197148821204,95,0.7879181907063769,0.7280975154103284,0.7716049382716049,0.6476045843203656,0.8981644783184173,99
neg,4.0,inf,1.0,1.0,1.0,1.0,1.0,95,0.9837624632121215,0.9595959595959596,1.0,1.0,1.0,99
neg,6.0,0.0,0.0,0.0,0.0,0.0,0.0,95,0.0430387159851707,0.04079747693881612,0.04291845493562232,0.029949838366239212,0.052756027851820625,99
neg,6.0,1.0,0.0005513079054652023,0.0003042257993689849,0.0,0.0,0.0,95,0.043557344423875766,0.04107236083203366,0.04312015503875969,0.029949838366239212,0.052756027851820625,99
neg,6.0,2.0,0.016789831666440252,0.016184899043524437,0.016910722720831366,0.010703959553804224,0.021058205149121656,95,0.058833309345734094,0.055572853740520886,0.05741499020829624,0.04064806028407915,0.07221532929367322,99
neg,6.0,3.0,0.027870065431543516,0.026728295676791348,0.02728690228690229,0.01772423193469512,0.035155423451891515,95,0.06925674837339263,0.0652038987693829,0.067451205510907,0.047613673843915974,0.08615998940645711,99
neg,6.0,4.0,0.03633752177864064,0.03465432391794682,0.03531720078482668,0.02311656957954,0.04646497027302058,95,0.07722228563771447,0.0724472869685901,0.0743398392652124,0.05283929635859101,0.09720301637400083,99
neg,6.0,5.0,0.08715940580086706,0.08267680458295981,0.083624143724958,0.04720245855714558,0.11350771080578917,95,0.1250316388162368,0.11628763156166702,0.12166172106824925,0.07744249932739275,0.15655970862772614,99
neg,6.0,6.0,0.1280564286062857,0.12069870636550917,0.12044323109041272,0.07069645856005874,0.16495926730020283,95,0.16350443936017628,0.151018950434448,0.15414073719483007,0.09890624413556692,0.2078111799237446,99
neg,6.0,7.0,0.15307631130168017,0.1435126538985504,0.14422147001934235,0.08689165629014003,0.19840243847630543,95,0.1870412371645665,0.17186648157810297,0.17238725565645682,0.11258055231204511,0.23984617618909795,99
neg,6.0,8.0,0.1716150288117732,0.16040623533556056,0.16404738878143132,0.0987763961892685,0.2222803964713589,95,0.2044810489694431,0.1873124069267965,0.18676302776721188,0.12299252898588911,0.26255788915039535,99
neg,6.0,9.0,0.19326375598953835,0.180076246930786,0.18128376231331428,0.11280954098455098,0.2529248531951981,95,0.22484652072280426,0.2053062221928138,0.2086809589185764,0.13276192578529633,0.29158586513705576,99
neg,6.0,10.0,0.22015122718765703,0.2049534366324471,0.20832177531206658,0.12534249878875706,0.2854803057228705,95,0.2501402033817552,0.22804905291141447,0.23286513887422114,0.1468214291107296,0.3235756675688828,99
neg,6.0,11.0,0.2517841669117657,0.2338459136869761,0.23634165109376717,0.14271951512753625,0.32143334139140234,95,0.27989806097482295,0.25447485925113617,0.2663428028302883,0.16754120608402567,0.3569518574103344,99
neg,6.0,12.0,0.2743798775252342,0.2542538706233677,0.26062628840679297,0.1555533067863456,0.3463251412191215,95,0.30115438253438087,0.27315143627707805,0.2852260778128286,0.17960654315335095,0.3765859207830325,99
neg,6.0,13.0,0.29267855188031605,0.27088134443256523,0.275742466941253,0.16739164174993088,0.37067840557478154,95,0.3183683800429792,0.2883746759658043,0.298697409791885,0.19201216695259143,0.39790165736562855,99
neg,6.0,14.0,0.3079160165497885,0.2847945749563129,0.2867981790591806,0.1795288073097771,0.38762502412501365,95,0.33270262490508357,0.30111683129563055,0.30864197530864196,0.20143381052124143,0.4108283788676953,99
neg,6.0,15.0,0.327672095774581,0.30300073964802876,0.3030369237491807,0.19383425827512998,0.4023244827660627,95,0.35128763778394284,0.31778954746171556,0.32684063373718547,0.21129577984171882,0.4291859725353237,99
neg,6.0,16.0,0.3501702064239241,0.32368461937754517,0.3237862097103223,0.20963209629853674,0.42236214994696053,95,0.3724521447395195,0.3367399744301124,0.3487110971392644,0.22436962905057758,0.44937190934383,99
neg,6.0,17.0,0.3696413992669451,0.3414857645559761,0.34382808595702147,0.2277212459783946,0.44299760153088275,95,0.3907691582337848,0.35305122327007243,0.36592266582835586,0.2408625934782369,0.46408824852195024,99
neg,6.0,18.0,0.38641936066747823,0.35686987992688496,0.35995193358094824,0.24366105300259402,0.4631999974140495,95,0.4065525849533234,0.36715359512169937,0.38124803520905376,0.2563298552598158,0.4815953876987835,99
neg,6.0,19.0,0.4005225554836012,0.3697390293053626,0.37456271864067964,0.2555550514653186,0.4806462161078858,95,0.41981979522861834,0.37894849777233797,0.3969104665825977,0.26983712949332256,0.49638894450960014,99
neg,6.0,20.0,0.41774103564113285,0.38573647540655087,0.39278790228770843,0.2700647309833444,0.49918435887821466,95,0.4360176284039644,0.3936133297903129,0.4125275070732474,0.2840574371692606,0.515662990932235,99
neg,6.0,21.0,0.4375999905037873,0.40418621317848263,0.4139307897071872,0.283952125958426,0.5213924810057544,95,0.45469941883837156,0.41052989470836593,0.434961375529529,0.2945687455777185,0.5392298433909067,99
neg,6.0,22.0,0.4523560499448033,0.41784928451533043,0.42951184930119507,0.29692874413586723,0.5436209570928802,95,0.46858079437002775,0.4230592781349282,0.45053575878395213,0.3041544292306356,0.5570698699267893,99
neg,6.0,23.0,0.4663893420839175,0.430880478333459,0.4484560126877507,0.3120666695391703,0.5637391403635822,95,0.4817822455370658,0.43501023414183715,0.46873714520773346,0.3137993194074189,0.5763201655442391,99
neg,6.0,24.0,0.479627326407253,0.4431747118159111,0.46197567352506536,0.3237351135164067,0.581394412535549,95,0.4942355317554456,0.4462891425540417,0.4825931848935908,0.32466830460617035,0.5942606090878617,99
neg,6.0,25.0,0.49382152659533074,0.4564099454844092,0.47504831192451974,0.333443214184825,0.5959404341444452,95,0.5075883529452636,0.4584293434273788,0.49575593553942676,0.3353043368534797,0.6147314313384176,99
neg,6.0,26.0,0.5109292176043957,0.4724555925432307,0.4951372379511563,0.34944494455110586,0.6180107868350742,95,0.523681964137712,0.47316030405327586,0.5115873411412908,0.34774315490895136,0.6312416647614911,99
neg,6.0,27.0,0.5255705311416426,0.4862528748773726,0.5104045495670156,0.36225464876117736,0.6314592979214965,95,0.5374553954727955,0.4858198800488522,0.5248403506873038,0.35853561437869,0.6414052401567534,99
neg,6.0,28.0,0.539076255907106,0.49899543539320557,0.5209362250375779,0.3729701454886034,0.6431766894673971,95,0.5501605514831781,0.49751660284858734,0.5356629966491144,0.3716387697141821,0.6512156589179097,99
neg,6.0,29.0,0.5518011809595659,0.5110020365896011,0.5310285591582564,0.3807701314462899,0.6558693331136715,95,0.5621311906617104,0.50854020195945,0.5417640546192644,0.38529660580166564,0.6624674544869269,99
neg,6.0,30.0,0.5652989922144245,0.5238648053131859,0.5413478153542335,0.3922536302789236,0.6686646224329589,95,0.574828902244743,0.5203543595495993,0.5541296928327645,0.39895815163407344,0.6762880404574427,99
neg,6.0,31.0,0.5822167589689751,0.5400115137241095,0.5540047240712905,0.4060221854404083,0.6846957472371122,95,0.5907438471807953,0.5351858395817541,0.5666197640437277,0.4155287735909906,0.6962469934352968,99
neg,6.0,32.0,0.5953848406153018,0.5527339248977037,0.5652925203653419,0.42026837874525624,0.698539792102451,95,0.6031313742909183,0.546876175687276,0.575062236172746,0.4272803335708948,0.7100847857824477,99
neg,6.0,33.0,0.6087217438211968,0.5656096837326737,0.5746729202666009,0.4332200209634452,0.7105836402320075,95,0.615677715851171,0.5587050453960009,0.5861023920337699,0.4387819194871453,0.7208877098564981,99
neg,6.0,34.0,0.6214677715686029,0.578005129772318,0.5913345814388874,0.4477789067953129,0.7297364070356823,95,0.6276682068359695,0.5700931586954334,0.6054607508532424,0.4505089626393658,0.7415703008020549,99
neg,6.0,35.0,0.6343628370990653,0.590545181610416,0.6067769897557131,0.45757163175289933,0.746654383049715,95,0.6397989012025231,0.5816175306004092,0.6163433123474239,0.4621222860978789,0.7552124317360545,99
neg,6.0,36.0,0.6492732099968742,0.6051942804441359,0.6254925137903862,0.4715212278844919,0.762402164365194,95,0.6538254430675011,0.5950736523740705,0.6267576791808873,0.47801911811012154,0.7717400779514305,99
neg,6.0,37.0,0.6623542430265486,0.6180762137459576,0.6346315494536284,0.4814922363421169,0.7736361486132353,95,0.6661310814767759,0.6069162021146094,0.6366581809766257,0.4896949450322873,0.7830088137371157,99
neg,6.0,38.0,0.6741137197852273,0.6297818075475714,0.6431773606052116,0.49419127597684304,0.7829857728214362,95,0.6771935005186285,0.6176807396172486,0.6430682256199409,0.49952129663063294,0.7907474485695918,99
neg,6.0,39.0,0.686192374804965,0.6418439293333198,0.6538246007284954,0.5092432203577104,0.795482122677627,95,0.6885561781302576,0.628775459526404,0.6535859269282814,0.5059032817152045,0.7993141123114482,99
neg,6.0,40.0,0.6978054516174557,0.6533293367490833,0.6651723171756795,0.5228274068856776,0.8062853932662475,95,0.6994808752661382,0.6393399593875715,0.6662007919869555,0.5155226810663431,0.808799799820002,99
neg,6.0,41.0,0.7112518250533832,0.6665957541679285,0.6770804146819838,0.5369232979245464,0.8206194796493511,95,0.712130198071397,0.6515411737391064,0.6810185754705376,0.5310381629644617,0.8272421342301302,99
neg,6.0,42.0,0.7230891179996756,0.6784724992987825,0.6998652089261644,0.5496826979084763,0.8320376976567678,95,0.7232658206488563,0.6624690074333938,0.6929885860703471,0.5460127621074187,0.8405832113884187,99
neg,6.0,43.0,0.7342339787680511,0.6897496924440076,0.7086482772160597,0.5651600824998675,0.8453961200942524,95,0.7337500558332051,0.6728488898587973,0.704635453063126,0.5612109268057828,0.8521653615841093,99
neg,6.0,44.0,0.7451585801579272,0.7009668373903227,0.7163050947285756,0.5783236452313009,0.8547109172772904,95,0.7440270877896502,0.683176781742482,0.7179128814348941,0.5760064487658783,0.8608002911250381,99
neg,6.0,45.0,0.7557903816554273,0.7119813702254941,0.7294760437097226,0.5916511621214047,0.864170202674572,95,0.7540286759341516,0.6933174548862792,0.7326600609756098,0.5918187812648468,0.8716581731948074,99
neg,6.0,46.0,0.7672254044793108,0.7238194250121527,0.7422247128047073,0.6068844024261957,0.8770448940469955,95,0.764785873454661,0.7042193369462317,0.7435359888190077,0.6103267477579317,0.880361962640166,99
neg,6.0,47.0,0.7776409033536139,0.7347620345623683,0.7597887243081869,0.6212583687721646,0.8848283948313151,95,0.7745839805849335,0.7142964508172562,0.7558816678313534,0.6240889191741267,0.8875941843492363,99
neg,6.0,48.0,0.7873547376209613,0.7449925457938714,0.7758640486852681,0.6341840656259992,0.8916683133374683,95,0.7837220151568541,0.7237181150656607,0.7676450034940601,0.6340348904107744,0.8942865215562062,99
neg,6.0,49.0,0.7970290043352849,0.7553964606488178,0.7946951429555632,0.6509056642592523,0.8988267571529267,95,0.7928228275920255,0.7333058072030746,0.7801071511763336,0.6550871146373773,0.9007964656556176,99
neg,6.0,50.0,0.8062812171506878,0.7653940872089711,0.8070961074750258,0.6656298600311041,0.9075706186221452,95,0.8015266039018725,0.7425211367921908,0.7945796651130675,0.6700310153940721,0.9083618227088879,99
neg,6.0,inf,1.0,1.0,1.0,1.0,1.0,95,0.9837624632121215,0.9595959595959596,1.0,1.0,1.0,99
neg,8.0,0.0,0.0,0.0,0.0,0.0,0.0,95,0.06230365322864814,0.058745831777383815,0.058928253516111806,0.04289108647442164,0.07694163893360104,99
neg,8.0,1.0,0.0004510751747074744,0.00024741988290435024,0.0,0.0,0.0,95,0.06271930042234718,0.05896372428431092,0.058928253516111806,0.04289108647442164,0.07694163893360104,99
neg,8.0,2.0,0.015475244725113442,0.01468274207864113,0.014519502891595915,0.008897873136128939,0.020161013327600064,95,0.0765634538172542,0.07184932670061789,0.0743398392652124,0.05195109829042181,0.09720301637400083,99
neg,8.0,3.0,0.02488723120632313,0.023483332492026405,0.023502722323049,0.014673542601754241,0.03240235947888637,95,0.08523621167981021,0.07971110169417721,0.08490864927658676,0.05876027196213915,0.10719515992269663,99
neg,8.0,4.0,0.031308656603875204,0.029373290117397314,0.02938475665748393,0.019029692297019028,0.040366868104021084,95,0.0911532906850362,0.08497832696941991,0.09019041142468548,0.06306924655832657,0.11481714278210844,99
neg,8.0,5.0,0.10680382942625931,0.10043012709215364,0.10180224062347784,0.057070520356958664,0.13798909856894354,95,0.16071898279344693,0.14835843957148193,0.1489634288376427,0.09605196096014201,0.20336780806136429,99
neg,8.0,6.0,0.1458629000767501,0.13640131634091748,0.13891402714932127,0.08110709947811695,0.18907119391980343,95,0.1967103075541086,0.18047246964992686,0.18181818181818182,0.1169795821350865,0.2515858465746015,99
neg,8.0,7.0,0.16907509391789086,0.15740199274621539,0.1587688219663419,0.09555468433241783,0.22033997569589941,95,0.21809938806807183,0.19923432246052217,0.2020276692364558,0.1272942357348053,0.2794952003122113,99
neg,8.0,8.0,0.18509028235959443,0.17188296209802018,0.1722552427946619,0.10616431577278135,0.2407906634706019,95,0.2328567245512251,0.2121857632501414,0.21829309758585516,0.13613159519294823,0.3020252239807507,99
neg,8.0,9.0,0.20456461146942786,0.1894854461696492,0.18954562957258375,0.11823551605657216,0.26504488476030486,95,0.2508015166779987,0.22792920171249487,0.23699421965317918,0.1458652341502035,0.32298278193272045,99
neg,8.0,10.0,0.23771796356389782,0.22027720818997343,0.21966341895482727,0.13570614096957728,0.30406688961927075,95,0.2813509650459321,0.25546135422974076,0.26905225333133703,0.16352594851957203,0.35990120560658345,99
neg,8.0,11.0,0.2679009519705926,0.2477477875905086,0.24778565101860053,0.14836497341955518,0.3410314768843264,95,0.30916334562491005,0.28003834611187534,0.2889587700908456,0.1834565595225649,0.3868945114990525,99
neg,8.0,12.0,0.28813739615172285,0.26624945795040644,0.2657218777679362,0.162859266959118,0.3664403191886062,95,0.32781039539835133,0.29661217496098974,0.30745048726815466,0.19754609002398127,0.4073271955414347,99
neg,8.0,13.0,0.30507762532484145,0.2818164228439844,0.27882367417251136,0.17508297838574854,0.3802595666671438,95,0.3434201188130605,0.31055925129237466,0.319710782772713,0.20843682392434948,0.4195341549175571,99
neg,8.0,14.0,0.3193100569566564,0.2948587125292129,0.292358803986711,0.1889957669433433,0.3896074958807645,95,0.35653471832768385,0.3222475439530428,0.3293775542282301,0.21828256641833205,0.43236502789270315,99
neg,8.0,15.0,0.34120403409320427,0.3151807112358972,0.30974555130550474,0.20825704704069609,0.41041330530268827,95,0.37670911644573263,0.3404669169851429,0.3475322225715184,0.23274528857535803,0.4509185113451073,99
neg,8.0,16.0,0.36356120484198906,0.3356353565477118,0.33993015133876603,0.22447203843016406,0.4372555112238369,95,0.39731032839850516,0.3588092228877798,0.3747819586344381,0.24932276421303898,0.47254495279847,99
neg,8.0,17.0,0.38168096193464124,0.3522821870528482,0.3567630442007311,0.24221665932799513,0.45814665701998036,95,0.41400693820629003,0.3737419880481633,0.3898171500630517,0.26542158583271813,0.4922183446640668,99
neg,8.0,18.0,0.3976665275290506,0.36694413410153787,0.36839481555333997,0.25377754982936324,0.4783594182948167,95,0.42873697845582726,0.3868966874695402,0.40231746822825815,0.28038609413073334,0.5099854075091139,99
neg,8.0,19.0,0.41101027374203886,0.37920114193472493,0.3839753466872111,0.26526398016025865,0.4949467111874934,95,0.4410326909619689,0.39789740016801184,0.41539995016197356,0.29022715501617924,0.5242948882977201,99
neg,8.0,20.0,0.4289765306259846,0.3959497931324364,0.4054452789699571,0.27966279692755724,0.514016536850483,95,0.45758785665010693,0.41293013294975445,0.4378270620483429,0.3007899260718707,0.541907077025138,99
neg,8.0,21.0,0.448286587582641,0.4139885865460816,0.422612660944206,0.29512823078376704,0.5392838418229013,95,0.47538127875410063,0.4291210236214434,0.4599958864664747,0.3091762151570996,0.5630609140663871,99
neg,8.0,22.0,0.4628704539028101,0.4275675208193469,0.44234553325462417,0.30359459164996494,0.560147714133064,95,0.4888197108584417,0.44131977322110366,0.47770137524557954,0.3190551354905908,0.5840151960024345,99
neg,8.0,23.0,0.4765696742833291,0.4403134390014358,0.457693821330185,0.31291208308829177,0.5774213919895987,95,0.501442978167976,0.45276874810037926,0.49160409556313994,0.3301116333860104,0.6035444287861602,99
neg,8.0,24.0,0.4894111785853744,0.4521923046944389,0.46983043382514866,0.32586696815801663,0.5911404528990971,95,0.5132758954405364,0.46344343827061635,0.5026448517652847,0.34066448049944664,0.6204250407394363,99
neg,8.0,25.0,0.5044972868164864,0.4663730896102685,0.4878656696838515,0.344199457774258,0.6080991854666249,95,0.5271771227784589,0.47619159893213536,0.5156845860499446,0.3497135956322223,0.6337476397926937,99
neg,8.0,26.0,0.5220676747411367,0.48298661133764104,0.5008962868117798,0.359718537334754,0.6263222873707631,95,0.543367511526455,0.49113252981778294,0.531226323195151,0.36308929275982554,0.6451199244957837,99
neg,8.0,27.0,0.536297413386834,0.4964154716153243,0.5092078988240515,0.367740241944718,0.6401384345793566,95,0.5564796295652951,0.5032082395106031,0.5394267437569197,0.37678476581056985,0.6561702887336849,99
neg,8.0,28.0,0.5496600105026459,0.5091030923798393,0.520745506989128,0.38017222518186283,0.6529034392404345,95,0.5687927124019196,0.5146199709581327,0.550621232623939,0.39353914569314363,0.6692593884432043,99
neg,8.0,29.0,0.5621770099775135,0.5211173320855892,0.5322831151542046,0.3913000422117381,0.6643258690672031,95,0.580326611842595,0.5254315323259924,0.5612286689419795,0.40657679239751565,0.6827517108783558,99
neg,8.0,30.0,0.5766154550473293,0.5348909931952599,0.5463760770400405,0.40755117862961,0.6801273280107516,95,0.5936310442546391,0.5378306006630585,0.5731058020477816,0.4176669369789501,0.6972871811566361,99
neg,8.0,31.0,0.5939138513740961,0.5515770568468633,0.5610745058286872,0.41949165595199833,0.6984911046022835,95,0.6095708039485243,0.5528598005678153,0.585994155211603,0.43241773956610197,0.7155696739532276,99
neg,8.0,32.0,0.6072602905732021,0.5645956676954778,0.5774665981500514,0.4299331002892961,0.712807286330947,95,0.6218689979304493,0.5645911190760595,0.5963426607756505,0.44668920832669856,0.7260281541391882,99
neg,8.0,33.0,0.6202727994937186,0.5771999311730002,0.5881546476556073,0.441986587254603,0.7305961929342689,95,0.6338594889152477,0.5759369337913428,0.6087372013651877,0.4578895674937259,0.748064081630293,99
neg,8.0,34.0,0.6326861190030565,0.5893797912343017,0.6094377510040161,0.4577262316942635,0.7442565758764843,95,0.6452978515382668,0.586906959784214,0.6220782226336496,0.4690611388210938,0.7601428454869459,99
neg,8.0,35.0,0.6456111058747492,0.601977861369796,0.6186843241687059,0.46915395486209555,0.7563431285376003,95,0.6572076945601087,0.5982549929467375,0.6288054607508532,0.47999653255058994,0.7716353188645557,99
neg,8.0,36.0,0.6609907495926859,0.6172420895749026,0.633222973945588,0.48262823496912743,0.7728170363335041,95,0.6713794027584085,0.6120058795711268,0.6403610275399213,0.4924446774889715,0.7867205220590471,99
neg,8.0,37.0,0.6738659162212018,0.6300718251378393,0.643011371815172,0.4953107335239742,0.7836152529912956,95,0.6832433384782598,0.62358359020224,0.6494924836181422,0.5024839337280271,0.7955406722115075,99
neg,8.0,38.0,0.6852128132279478,0.6414259374412548,0.6519360875197927,0.5101511111014629,0.7960790812688895,95,0.6936990366911009,0.6338296761883138,0.6594456091311437,0.5094623785007025,0.8050075587815888,99
neg,8.0,39.0,0.6970525266942249,0.6532099949087401,0.663883690801785,0.5219518776760912,0.8043007552807157,95,0.7046088449722819,0.6444626295331205,0.6727272727272727,0.5221598160974354,0.8151980266876585,99
neg,8.0,40.0,0.7085704283194421,0.6645657298839376,0.6767707539984767,0.5338114062236228,0.8178581923811188,95,0.7152221168973611,0.6547067810749143,0.6889121826228745,0.53954057230079,0.8279927386761919,99
neg,8.0,41.0,0.7224204559225497,0.678327062405976,0.7015222365933738,0.5508183134575758,0.8350380561800239,95,0.7279843468507591,0.6671291514017904,0.7023060796645703,0.5516660819358543,0.8447553029724901,99
neg,8.0,42.0,0.7343180685903564,0.6904505162218479,0.7091831658541439,0.5650221760682623,0.8467199819835038,95,0.7389475068612805,0.6780838170744079,0.7143023526671325,0.5670645818393866,0.8566108817597282,99
neg,8.0,43.0,0.745259671186395,0.701708007435936,0.7170001439470275,0.5784039753224098,0.8554879294666919,95,0.7490297429687384,0.6882604087743319,0.7262986256696948,0.5812546820216217,0.8667282585348625,99
neg,8.0,44.0,0.7556936458992554,0.712601399084786,0.731106952641428,0.5921527005626874,0.8657266396338967,95,0.7586442208910483,0.6981096299808068,0.7387607733519683,0.5973570154763772,0.8753043483524932,99
neg,8.0,45.0,0.7660697214105862,0.7234388876279828,0.743431760055801,0.6070608158814466,0.8759229964574251,95,0.7682053470840178,0.7079054231650841,0.7500582343349639,0.6129287886594859,0.8838437571112037,99
neg,8.0,46.0,0.7775283773412148,0.7354125319801085,0.7608695652173914,0.6250898247613097,0.8842427422585917,95,0.7787640265418649,0.7187325887721396,0.7627533193570929,0.6295683229522893,0.8912916835623934,99
neg,8.0,47.0,0.7878559791024278,0.7463323201425508,0.7810974192048361,0.6377665260713881,0.8917144119443918,95,0.7882804861707354,0.7286044280821035,0.7750989983694386,0.6436299767936692,0.8979943683550454,99
neg,8.0,48.0,0.7974147333270497,0.7565453944820525,0.7977214601255522,0.6549575289458431,0.8993206354367693,95,0.7970884844634801,0.7378471139459568,0.7869788027020731,0.6619844040858875,0.9046649748706712,99
neg,8.0,49.0,0.8065453027589643,0.766488161340037,0.8063013090747726,0.6648471636076427,0.9079081024538014,95,0.8055019281066836,0.7468505479324564,0.8025202831002934,0.6747204307338563,0.9119310546678995,99
neg,8.0,50.0,0.8155237184752313,0.7762335881554832,0.8125864453665284,0.6707600754975926,0.9150834007295114,95,0.8137751683681319,0.7556787420098242,0.82168133954773,0.6864325452339162,0.9181835322125225,99
neg,8.0,inf,1.0,1.0,1.0,1.0,1.0,95,0.9837624632121215,0.9595959595959596,1.0,1.0,1.0,99
neg,10.0,0.0,0.0,0.0,0.0,0.0,0.0,95,0.08023479723861375,0.07525915496230903,0.0777273207308058,0.054380173477984434,0.1007297813162584,99
neg,10.0,1.0,0.00041333776424092787,0.00022337678184085468,0.0,0.0,0.0,95,0.08060825934399707,0.0754517098016504,0.0777273207308058,0.054380173477984434,0.10141620229658764,99
neg,10.0,2.0,0.01266241702347374,0.011768488225817789,0.011317607815106028,0.007215637335655214,0.016663226575848268,95,0.0916756413374162,0.08554464143146111,0.09104046242774566,0.06364514571064288,0.11596014793657847,99
neg,10.0,3.0,0.02141254404587637,0.019802706570341937,0.019090909090909092,0.012039558184883564,0.02775318395269915,95,0.09958162318293935,0.09256939340947448,0.09815573770491803,0.06842149362503422,0.12592084515925575,99
neg,10.0,4.0,0.02777190346846686,0.025589370558054197,0.024907438572871088,0.015577530899358408,0.03589094479680206,95,0.10532748035911918,0.09763563460616294,0.1,0.07146883887366519,0.13343616827373944,99
neg,10.0,5.0,0.1264717433515788,0.11827873908930343,0.11769902817316187,0.06835294679607941,0.16239969174422414,95,0.19450551632066623,0.17853062624264712,0.1797510770703686,0.11517094118284679,0.24945507533591674,99
neg,10.0,6.0,0.16242526276472155,0.15105735408707818,0.15121668597914253,0.09145416995089797,0.21025077242174656,95,0.2269905157995563,0.20718134083981565,0.2120877252635158,0.13257424115244615,0.29213381288096385,99
neg,10.0,7.0,0.18314295993782082,0.16964166977433917,0.1651888341543514,0.10408928319147878,0.23891529467907419,95,0.24570952837071264,0.2234369793713016,0.23401639344262296,0.14315142916434634,0.31728313451571954,99
neg,10.0,8.0,0.19785558720053611,0.18287806109892613,0.17765042979942694,0.11309238947538625,0.2553343733872616,95,0.259002794141732,0.23502744984831658,0.24395373291272346,0.15129244448371393,0.3305583660297895,99
neg,10.0,9.0,0.21485324449546703,0.19810868751395333,0.19197707736389685,0.12214750308675304,0.27447036610185505,95,0.27436064776443847,0.24836653243525253,0.2510854918400958,0.16146237210124248,0.34910464355788096,99
neg,10.0,10.0,0.2534282316559052,0.23415852488182654,0.22995724211651522,0.13936534441552578,0.3226349628398474,95,0.30921421587846726,0.2799374953201346,0.28731846084743223,0.18126090865346803,0.3899374766515533,99
neg,10.0,11.0,0.28215314644790435,0.2605558363302069,0.2570817744521646,0.15847856108991318,0.3604477282085058,95,0.33516797109577007,0.3030771539625777,0.3096901933379921,0.20155107516041176,0.41456001563670275,99
neg,10.0,12.0,0.30132734977712716,0.27825412259878757,0.2737185110916155,0.17690831202042773,0.3725823899550146,95,0.35249239427672424,0.31861441558806564,0.3253177174183902,0.21513285007671298,0.42801263826755287,99
neg,10.0,13.0,0.31712069737358867,0.292721592923116,0.28825667376864267,0.1904908345873242,0.3930372161744608,95,0.36676212076846343,0.3313217529910179,0.34114129080488415,0.22838760243225892,0.4435146843175598,99
neg,10.0,14.0,0.3309324954889882,0.3053130328009716,0.3071917423987434,0.20106572057250305,0.4108560232104622,95,0.3792414624825676,0.34238352307857406,0.3524341952014908,0.23981200582596526,0.455811310782241,99
neg,10.0,15.0,0.35538121826156455,0.3281123282162381,0.32817233254796363,0.22126618928871614,0.4313928902234274,95,0.4013315599053069,0.36241978568952793,0.37865007180469124,0.25616918169221287,0.48020137420718817,99
neg,10.0,16.0,0.3767443265615516,0.34766281501055546,0.34942750724237825,0.23533271753317614,0.4564039942973117,95,0.4206337192855335,0.37959700087534676,0.39366551398931154,0.2749561716644021,0.49989749897498975,99
neg,10.0,17.0,0.3939411000552033,0.3635083045217005,0.36346456692913387,0.251701446248378,0.4776696539727482,95,0.43617147990252764,0.3935262744889264,0.4101669573884874,0.2876856242232749,0.5175600942055932,99
neg,10.0,18.0,0.40867981840602674,0.37702829148931444,0.3743964684784108,0.2645926353640031,0.4957813114662255,95,0.4494883196934881,0.4054160447458552,0.4237721021611002,0.2967380070529577,0.5332659329500271,99
neg,10.0,19.0,0.4215125141097858,0.38883367931564705,0.39938535542490644,0.27230175485648594,0.5112392947466621,95,0.46108301529085377,0.415802567159893,0.4401627573001436,0.30616243788959097,0.5467691319355055,99
neg,10.0,20.0,0.44117008917659273,0.40735173893536897,0.4226075246191398,0.2836899263549465,0.5308770025585718,95,0.47884417820966485,0.4320957361003231,0.46483888196546197,0.314455123516637,0.5721974553983936,99
neg,10.0,21.0,0.46025091387469136,0.4252315521993641,0.44022727272727274,0.2993858264311684,0.5550259250342104,95,0.4960842312139876,0.44783444506588616,0.48702177389592816,0.3229765772659115,0.5939358336893161,99
neg,10.0,22.0,0.47418492813965046,0.43818687193908085,0.45585100415123975,0.311900173400871,0.5759700547438376,95,0.5086739986004477,0.45924904009157413,0.49638225255972696,0.33399304193735124,0.6128409464382577,99
neg,10.0,23.0,0.48755592418753724,0.45059281454222516,0.46851119894598153,0.32639962790134425,0.5911986207161397,95,0.5207550634513358,0.47018204301506455,0.5067281335659108,0.344999705731838,0.6273928623218729,99
neg,10.0,24.0,0.5000205982274538,0.462217261759903,0.4740447957839262,0.3366071285010378,0.6032184841150663,95,0.5320172412937422,0.48042704716542084,0.5183154747072016,0.356245801239101,0.6377291705464405,99
neg,10.0,25.0,0.5162959443463359,0.4776733726884262,0.49,0.3522924327284924,0.6205901426022591,95,0.5467224667854467,0.49406146737676304,0.5329068766145897,0.3689212686591619,0.6503929091692484,99
neg,10.0,26.0,0.5340268985386244,0.49459622038949447,0.5036363636363637,0.3688227887297135,0.635938112745098,95,0.5627428744422883,0.5089953713020738,0.5444704145651371,0.3857808539131407,0.6645738605615858,99
neg,10.0,27.0,0.5479718985248923,0.5078519294627521,0.5152272727272728,0.38217323647426793,0.6513223039215685,95,0.5753425677318815,0.5206903157711399,0.5566619764043728,0.398788357569144,0.6783462070252422,99
neg,10.0,28.0,0.5612659945236179,0.5206003903674675,0.5290909090909091,0.39090993338260405,0.6644514260249554,95,0.5873541512608379,0.5319460151835624,0.5669444745102283,0.4122529085666492,0.6918897290890427,99
neg,10.0,29.0,0.5737416542848432,0.5325923900004708,0.5437918598660484,0.40295070585914494,0.677526851540518,95,0.5986262550063773,0.5425375636893819,0.577118735793917,0.42349697034063416,0.7035562101639897,99
neg,10.0,30.0,0.5892177891785152,0.5474745798182328,0.5590062111801242,0.4129361665870185,0.6918703600269109,95,0.612609371045148,0.5556917318711168,0.5884879725085911,0.43512995576692026,0.7190904614374525,99
neg,10.0,31.0,0.6067386414507744,0.5645559392205648,0.5726990400903444,0.4249966300993982,0.713917359565665,95,0.6284399458045689,0.5708031718422701,0.6049146757679181,0.45343582938203053,0.7334006381289288,99
neg,10.0,32.0,0.6195370067754437,0.5770380110771499,0.5839132214490381,0.4409156404626889,0.7287939596841977,95,0.6400036229546436,0.5818393983783952,0.6148805460750854,0.46497755347075637,0.7535261288359993,99
neg,10.0,33.0,0.6323491042517488,0.589553153576359,0.604730229120473,0.4573384945643555,0.7441521717796697,95,0.6515797074836347,0.5928994689727638,0.6262366696646537,0.4770369577388286,0.76471043435221,99
neg,10.0,34.0,0.6443400190602264,0.6014077286025699,0.6144863266814486,0.46824014482553455,0.753695232429828,95,0.6624138307534256,0.6033834852885067,0.6348122866894198,0.4856554577743924,0.7743914331159354,99
neg,10.0,35.0,0.6575434828581551,0.6143770826555476,0.6249815225424982,0.48149742650381155,0.7690203183988735,95,0.6743435255815339,0.6148622693221774,0.6431967107799049,0.4954711377475719,0.7869736142903858,99
neg,10.0,36.0,0.6730209909669906,0.6298832400167794,0.6415373244641537,0.4976948855267471,0.7860414044011278,95,0.6883278823581961,0.6285974119735078,0.655308155984746,0.506832074284864,0.8020308115741124,99
neg,10.0,37.0,0.6858523134555861,0.6427658438681405,0.6530672579453067,0.5115805349626756,0.7991385263872097,95,0.6999213372176701,0.6400208618794532,0.669085988436462,0.5151447591480379,0.8142987461121189,99
neg,10.0,38.0,0.6970783474179435,0.653908909037119,0.663710273466371,0.5244444869531033,0.8084948288695353,95,0.7100643694818183,0.6498975204558498,0.682972582972583,0.5327352956899294,0.8263994818131508,99
neg,10.0,39.0,0.70858314405851,0.6653570645876448,0.6818883060783709,0.5396307958793087,0.8184257810042961,95,0.7204592715379691,0.6600483065759243,0.6996273002562311,0.5473575281949457,0.8333447787224766,99
neg,10.0,40.0,0.7208061322296345,0.6775128574211774,0.6995656126881503,0.5532025070727445,0.8335949234260733,95,0.731503079511447,0.6708279699091096,0.7120894479385046,0.5587045458189812,0.8472920090249276,99
neg,10.0,41.0,0.7347113089761582,0.6915741370878667,0.7096821877309683,0.5683882618495268,0.8472962550609258,95,0.7440667914021827,0.683305921799429,0.7239900914634146,0.5711804474328603,0.8613219688457425,99
neg,10.0,42.0,0.7461721627314898,0.7034038016016484,0.7238728750923873,0.5826406584034232,0.8586694824806804,95,0.7544219898458011,0.693810258720512,0.7340578906509926,0.5867406918672509,0.8707485881299006,99
neg,10.0,43.0,0.7564891282555498,0.7141492672319584,0.7365853658536585,0.5978296525975091,0.867756495931786,95,0.7637436536256843,0.7033610613322718,0.7488078074747698,0.6044101754311249,0.8775482063317637,99
neg,10.0,44.0,0.7666165900870344,0.7247497883035304,0.7495934959349594,0.6118849660005345,0.876808042321118,95,0.7728940955765212,0.712779294235985,0.7592592592592593,0.6193833881033426,0.8848980288748238,99
neg,10.0,45.0,0.776918450244295,0.7356070933182888,0.7615668883961567,0.6278182204628178,0.8842503383246767,95,0.7822021112395964,0.7224280342566511,0.7713720009317494,0.6328766228234599,0.8924090874943147,99
neg,10.0,46.0,0.7887541917392868,0.7480096863032996,0.7826240300964026,0.6442502711582125,0.8931212814554441,95,0.7928960311276322,0.7334484924578376,0.7858141160027953,0.6540612330444662,0.9019649370466394,99
neg,10.0,47.0,0.7987525713453938,0.7587387000269854,0.7960088691796009,0.6572319064088306,0.9017186082679391,95,0.8019298437166552,0.7429907703416722,0.7988586070347077,0.6701027944440306,0.9093776567559486,99
neg,10.0,48.0,0.8079435004353092,0.7686815881130012,0.8095104502735306,0.6645672150222861,0.9104357792474979,95,0.8102341024253944,0.7518459052118854,0.8158121871223891,0.6823174612111905,0.9156167331622775,99
neg,10.0,49.0,0.8167609150007278,0.7783519470165954,0.8169300434340634,0.6730499013463689,0.9188332444257046,95,0.8182008804276079,0.7604625711282138,0.8262287444677382,0.690821940381949,0.9232144013688126,99
neg,10.0,50.0,0.8255632241993469,0.7879495488492129,0.8323286134866116,0.6864185343793077,0.9267949849328423,95,0.8261540103130134,0.7690061137508714,0.8404379221989284,0.6990905895501596,0.9305920477959704,99
neg,10.0,inf,1.0,1.0,1.0,1.0,1.0,95,0.9837624632121215,0.9595959595959596,1.0,1.0,1.0,99
neg,12.0,0.0,0.0,0.0,0.0,0.0,0.0,95,0.09578496523452427,0.08921658959781792,0.09486569194151649,0.06602163751105991,0.12162086672442274,99
neg,12.0,1.0,0.00037865820856941253,0.00020443075299865238,0.0,0.0,0.0,95,0.09612120520315842,0.0893894104397318,0.09486569194151649,0.06638507659191681,0.12183472622315297,99
neg,12.0,2.0,0.011495280745020505,0.010519224709332024,0.009453302961275627,0.006179165748520182,0.014656077463231429,95,0.10599251586903763,0.09823801006396073,0.10102459016393443,0.07201179334116398,0.1338846603461683,99
neg,12.0,3.0,0.018927321377421633,0.017304190350549656,0.015848052262279217,0.010183161840758922,0.023743056063619206,95,0.11259200071466502,0.10405794075089073,0.10570444677346909,0.07519096196348761,0.14350506150789616,99
neg,12.0,4.0,0.024573660199668848,0.02239881548732008,0.02056617469150738,0.013463319308959061,0.03051309029587488,95,0.11760582253477789,0.1084355646978428,0.1116015132408575,0.07777172530318549,0.14975040502780693,99
neg,12.0,5.0,0.1474279885703906,0.13729347006945863,0.14276002719238612,0.08163923987396288,0.19150233957705898,95,0.22669770165712952,0.2068624993205845,0.21598035117056857,0.13064100224029912,0.29290235856244606,99
neg,12.0,6.0,0.17947840181085253,0.16627779904234405,0.1622885318371164,0.10174774982617027,0.23428565862401496,95,0.255157747415543,0.23172890397229787,0.24237644584647738,0.1479199122132923,0.32628126955565073,99
neg,12.0,7.0,0.19761347520207911,0.1824660858573031,0.17678868552412647,0.10943018815405571,0.25618888355351077,95,0.27126128451112447,0.24562918605329376,0.24947423764458465,0.1581070170074394,0.3439629623567886,99
neg,12.0,8.0,0.21036768969588576,0.19393343121954543,0.1882279534109817,0.11856729149129186,0.2736881453210379,95,0.2825867399860045,0.2554890670555868,0.25770254849752755,0.1659098802771135,0.3564671356876842,99
neg,12.0,9.0,0.2257725116496783,0.20782015320970687,0.20112312811980032,0.12646101256862496,0.29110995994182814,95,0.29626587524132353,0.2674283011104286,0.2744755244755245,0.17651304810785012,0.3724656240246682,99
neg,12.0,10.0,0.270999112738146,0.25018520655160326,0.24393668623946899,0.15231762371207438,0.3409960837970545,95,0.3364260793178919,0.30389587363935355,0.31004098360655735,0.19983142555372588,0.4151023904970005,99
neg,12.0,11.0,0.29824433933923444,0.2755229159184494,0.26870053612458517,0.17685012482166446,0.37368877517302224,95,0.3606192274669591,0.3257257733776776,0.3327509899836944,0.22099326433329003,0.4387074931355374,99
neg,12.0,12.0,0.3161782068926972,0.29197179194872996,0.2875967015217207,0.1922916582276772,0.3953100468312305,95,0.3765440983061446,0.3399153083590055,0.34870719776380155,0.23850570265727505,0.45441789992952786,99
neg,12.0,13.0,0.3305364790375654,0.30509472561075984,0.3049394475438835,0.20371411179073107,0.41086882260470875,95,0.38929392088062614,0.35124679355510063,0.36291637549499184,0.25254785308087,0.46851042616803484,99
neg,12.0,14.0,0.3428421721846902,0.3163023656543928,0.31529231554761294,0.2142390381300146,0.4212635634707249,95,0.40022109949229007,0.36092441404693143,0.37253924744580114,0.26194450297929217,0.48313508411877976,99
neg,12.0,15.0,0.37070359166393035,0.3423290263828829,0.3439767779390421,0.23575779875147962,0.4492757194172906,95,0.42496141305157004,0.38340833816777764,0.396575821104123,0.27833403924693123,0.5093664552501762,99
neg,12.0,16.0,0.39134535445063123,0.3612987258735218,0.3571126462709714,0.25060958147565426,0.4755493124119033,95,0.4432908339247517,0.3997770425585543,0.4145277846997259,0.2924298481997276,0.5270007961707524,99
neg,12.0,17.0,0.4076695753019834,0.3763967025111002,0.38045992652061505,0.26411947520064294,0.4956625021353166,95,0.4577863747127692,0.4128245478686629,0.4357906318767683,0.30321919424078125,0.5433762486849674,99
neg,12.0,18.0,0.42158631241398103,0.38921448388285473,0.3962443869914274,0.2704705158105064,0.5120700546416603,95,0.47014412411349277,0.4239018312087447,0.44718641936497955,0.3115640788494116,0.5593286974021934,99
neg,12.0,19.0,0.4334337033750882,0.40015578800932783,0.4090963209905941,0.2767300766662561,0.5278467828537141,95,0.48066434069669917,0.4333625492345614,0.4601540396101855,0.3192452339823294,0.5723166368515206,99
neg,12.0,20.0,0.4550423719932652,0.42058487277331624,0.43516124642808546,0.292394570413353,0.5472492608918363,95,0.49985235219089497,0.4510380476903907,0.49160409556313994,0.32689104394126545,0.5960950765867488,99
neg,12.0,21.0,0.4737223778617688,0.4380713479619479,0.45366716560076203,0.31240290506902013,0.5733757728610636,95,0.5164397770642156,0.46618328721842667,0.5063353426005659,0.33784439145573997,0.6204374925695193,99
neg,12.0,22.0,0.4873610596840789,0.45078685265905555,0.46184738955823296,0.32541953665780826,0.5882981870126305,95,0.5285506196245031,0.4772065329559594,0.5155615696887687,0.35132352514217946,0.6332660169003579,99
neg,12.0,23.0,0.5002536031913482,0.46281153340529935,0.4737478828937818,0.3354966936592718,0.6007756138717724,95,0.5399989081506553,0.4876230288136669,0.5246529439923409,0.3635814695595959,0.6442460722865647,99
neg,12.0,24.0,0.5124670769961646,0.4742856401280408,0.4833051052504234,0.34936921431599355,0.6151589685687482,95,0.5508441980614711,0.4975688253955427,0.5375814983392792,0.3760076683736606,0.6553460331055607,99
neg,12.0,25.0,0.5303240950977036,0.4913857782997115,0.5011542012927055,0.3663686918965757,0.6311505651209489,95,0.5667008283166165,0.512415397917175,0.5513583721181946,0.38880704084919226,0.6710256350822446,99
neg,12.0,26.0,0.5481503734184732,0.5084936548825422,0.5166204986149584,0.37762499789144865,0.6504328616913946,95,0.5825301623381457,0.5272640539511144,0.5638056066673882,0.4066008964465598,0.6888343987807093,99
neg,12.0,27.0,0.5618673019554692,0.5216694622932178,0.5297783933518005,0.3900716397174392,0.6669072453376863,95,0.5947104862203649,0.5387067819528333,0.5748457625284121,0.41765240231868916,0.7013190640323201,99
neg,12.0,28.0,0.5748995717389633,0.5343347264292022,0.5470914127423823,0.4011676927684544,0.6794342109120148,95,0.6062828485356812,0.5497164155531472,0.585994155211603,0.42953707151247233,0.7125074375756582,99
neg,12.0,29.0,0.5872639499221026,0.5463713565157561,0.5582120582120582,0.41016736757147104,0.6928626859546347,95,0.6172621381387939,0.5601807821175685,0.5993174061433447,0.44295524601507263,0.7223301668068692,99
neg,12.0,30.0,0.6037223079986307,0.5622196515964847,0.5713394342762064,0.42307544914092,0.7095434850498907,95,0.6318767897644086,0.5739691792744516,0.6105119453924914,0.45622623711933424,0.7366544245881121,99
neg,12.0,31.0,0.6213375996423007,0.5794641611780936,0.589018302828619,0.4438825929269532,0.7343081260051667,95,0.6475187723643004,0.5889903472426297,0.6241917078737163,0.4719622512266808,0.758640499458554,99
neg,12.0,32.0,0.6337522792848809,0.591640973157072,0.6052034487974588,0.45623945987079906,0.7450091706185605,95,0.6585427285315123,0.5995962291799392,0.6316723549488055,0.4834675171889503,0.7721941157668394,99
neg,12.0,33.0,0.6459154516302563,0.6036599418196436,0.6147330207230374,0.4704354351699841,0.7558471836727295,95,0.669343351878229,0.6100601942847927,0.6411600279524808,0.49103077235789905,0.780054343458695,99
neg,12.0,34.0,0.6570083206997492,0.6146518289185103,0.6263802752987445,0.48349661737325655,0.7697023130902412,95,0.6791935699999504,0.6196384067290464,0.6506335342600565,0.497582180448095,0.7889643750856986,99
neg,12.0,35.0,0.6710312497816777,0.6286278325787058,0.639691423385267,0.49667313191173335,0.7852279751554834,95,0.6916456154804386,0.6318214786148458,0.6636732685447164,0.5062354483718127,0.8061685986463811,99
neg,12.0,36.0,0.6867951682653681,0.6444222111420537,0.6552715171683557,0.5132815446241819,0.7999848646107486,95,0.7056436203739088,0.6456101981397478,0.6786435786435786,0.52300153060936,0.8222444890351404,99
neg,12.0,37.0,0.6992601493673893,0.6568401735676426,0.6746068815195392,0.5280850965359394,0.8110196387890487,95,0.7167122431052195,0.6564578544773981,0.6975308641975309,0.5407335078264076,0.8304787778169074,99
neg,12.0,38.0,0.7103236759188749,0.6678664148517302,0.6895666461285686,0.5429651205755706,0.8224285571888678,95,0.7265364057312165,0.6660921124492868,0.7092941998602376,0.5528800377047698,0.8399470333300233,99
neg,12.0,39.0,0.7217337236353982,0.6794191486396332,0.6987060998151571,0.5577437113867554,0.8338947988758607,95,0.7366682713543399,0.6761879813660919,0.7204649390243902,0.5653348990433915,0.849979124266117,99
neg,12.0,40.0,0.7340016906879423,0.6918405256913023,0.7121464226289518,0.5725537316323236,0.8471291746762579,95,0.7475619500429296,0.6870384055474924,0.7286585365853658,0.5750965687083587,0.862020153807014,99
neg,12.0,41.0,0.7477479617429456,0.7059502130049259,0.7277265164120406,0.586949310079887,0.8592186720000277,95,0.7597683294208731,0.6993729863813641,0.7414882998780082,0.5917924142494658,0.8745438212696093,99
neg,12.0,42.0,0.7589330501547469,0.7175654767032608,0.7405838753592497,0.6032117334086604,0.8686478922084071,95,0.7697004362434428,0.7095437185258552,0.7555728069202617,0.6107411719972726,0.8819982009678133,99
neg,12.0,43.0,0.7690282736119941,0.7281514756126334,0.7545000756315232,0.6184894517402568,0.8764444931046944,95,0.7786647675105338,0.7188138033668517,0.7684602841835546,0.6257728895895951,0.8886260533565006,99
neg,12.0,44.0,0.7787127018171403,0.7383961774281045,0.7708364846468008,0.6355196858809817,0.8835263655649337,95,0.7872643218374832,0.7277818156125476,0.780456557186117,0.6416796821677858,0.8956495269618578,99
neg,12.0,45.0,0.7890734051992148,0.7493571145337703,0.7883829980335804,0.6503151149973412,0.892686928397102,95,0.7964643933039858,0.737375995182759,0.7935010482180294,0.6588961921929999,0.9031898881053189,99
neg,12.0,46.0,0.8008649056498319,0.76185359020651,0.8011088996303668,0.6571358770120654,0.9020913780212272,95,0.8069349803715266,0.7483273544664463,0.8118418781287761,0.6775438168590147,0.912315579221451,99
neg,12.0,47.0,0.8104445391478095,0.7722994626070168,0.8102930127723517,0.6648736777555091,0.9117964516273505,95,0.8154414793566029,0.7575038784544634,0.8243419338024498,0.6857162852097709,0.9195720208015739,99
neg,12.0,48.0,0.8190069653548698,0.7816298704407416,0.8207812101097779,0.6757548784389055,0.9227826640589336,95,0.8230447211565662,0.7656887971229178,0.8352601156069365,0.6949671503659214,0.927634363097757,99
neg,12.0,49.0,0.8273039116371029,0.7907468957639466,0.8393312553131199,0.6887170462865067,0.9288332936985022,95,0.8304122227571181,0.7736946218547706,0.8439294909883145,0.7040578168036716,0.9329282161915653,99
neg,12.0,50.0,0.8357517622976589,0.7999779134959144,0.8487362777635946,0.7070646200752987,0.9344826357084242,95,0.837913724049967,0.7817964776862367,0.8496732026143791,0.7123391555519006,0.9393524817916102,99
neg,12.0,inf,1.0,1.0,1.0,1.0,1.0,95,0.9837624632121215,0.9595959595959596,1.0,1.0,1.0,99
neg,14.0,0.0,0.0,0.0,0.0,0.0,0.0,95,0.10746030879484647,0.09954032727182854,0.1014344262295082,0.07254319412489171,0.13634625769502956,99
neg,14.0,1.0,0.0002902552122048777,0.00015784046790893455,0.0,0.0,0.0,95,0.10771466006263244,0.09967140312270607,0.1014344262295082,0.07254319412489171,0.13634625769502956,99
neg,14.0,2.0,0.01059077554776822,0.009650626963678067,0.008781266631186802,0.005530536631406785,0.013581875026361389,95,0.11674102822430556,0.10769507083114235,0.10824973798472826,0.07739512328106765,0.14920753651148316,99
neg,14.0,3.0,0.01722416905596262,0.015658988811082825,0.014654348518636508,0.00901836361736938,0.02165967591517307,95,0.12255388524663388,0.11277370547868082,0.11396595208070617,0.08311335544802902,0.15535411128091958,99
neg,14.0,4.0,0.021964532228947647,0.01988598492754866,0.01890798786653185,0.011234633697701831,0.02680670452378895,95,0.12670787570784098,0.11635207465799473,0.11696340257171117,0.0851607617549727,0.1597445617457181,99
neg,14.0,5.0,0.1644486920816962,0.15272187779038301,0.15233940638097682,0.0904601257430476,0.2180790502767824,95,0.25156705195713996,0.2285632995244223,0.2404551579577781,0.1446749647802552,0.3209005937031377,99
neg,14.0,6.0,0.19299847792998479,0.17844940187110225,0.1740686171332351,0.10449521558227348,0.25358250102213653,95,0.27658529080414707,0.25032907408208177,0.25370863446177255,0.16039025905856286,0.35235349302501906,99
neg,14.0,7.0,0.20929807794414357,0.1930253440493048,0.18690801936434434,0.11825280174312683,0.27499397737487563,95,0.29086866541269424,0.26266900347651617,0.2672768408062526,0.17092542942695282,0.3671933331333641,99
neg,14.0,8.0,0.22066333935081944,0.2032797593706771,0.19680067354241212,0.12341082446595905,0.2885177294631463,95,0.30082806846887983,0.27136882250835925,0.2807486631016043,0.17996517228704956,0.379107783309677,99
neg,14.0,9.0,0.23486035892534776,0.2161228655040453,0.211726759589909,0.1311717611667122,0.30417692366568516,95,0.3132689473083432,0.2822567206880275,0.2958304216165851,0.18797004268514805,0.39846733935855977,99
neg,14.0,10.0,0.28631623659339495,0.2644545815814165,0.25423338325077754,0.1681769730048079,0.3651895498326847,95,0.35835984376628466,0.3233260918140716,0.33007221057535524,0.21745967657882184,0.4363723334203039,99
neg,14.0,11.0,0.31260203178648543,0.28896003221738575,0.28654520571379694,0.18960808250237382,0.39043498464159,95,0.3813941427245611,0.34416339060145457,0.35284249767008385,0.2427510343559493,0.4594657253977906,99
neg,14.0,12.0,0.3290460514672047,0.30400316766685936,0.3022680412371134,0.20314072892513219,0.40685903056584527,95,0.3958040725980555,0.356978449088505,0.36755544480438573,0.2577920084231361,0.47848046518698695,99
neg,14.0,13.0,0.34239071183320946,0.31622814145689243,0.3184767577917243,0.21646061175410672,0.4199731682280344,95,0.40749802722675227,0.367400538573736,0.37752305008721654,0.2666699092554732,0.4935282824059998,99
neg,14.0,14.0,0.35361013769424093,0.326388630483615,0.3267441860465116,0.22744384748806562,0.4300227337765682,95,0.41732963428009906,0.3760513802717629,0.38605108055009824,0.2723224864069107,0.5036794864030041,99
neg,14.0,15.0,0.3842894056847545,0.3550531209474666,0.3544772483679236,0.24590541356926687,0.46459652125376805,95,0.4442139429161311,0.40048921021604944,0.4153272769624971,0.29421612393682695,0.5295191521612186,99
neg,14.0,16.0,0.40425613252628223,0.37355217492514226,0.37402061855670105,0.2608392731839352,0.4905110477134738,95,0.4617108286640231,0.4162451361729527,0.4406633134234517,0.30508222048016576,0.549673289193954,99
neg,14.0,17.0,0.4198024848677923,0.38796190668777975,0.39230240549828177,0.2691848654311455,0.5091848865941268,95,0.4753341307142184,0.4285370007298512,0.4542843465773097,0.31522686429231794,0.5673787058282129,99
neg,14.0,18.0,0.4334274892924144,0.40051753889970204,0.40904146017164267,0.27786125193714356,0.5278748964378321,95,0.48727375144545965,0.4392427134187259,0.46439798805407106,0.32242757007055967,0.5820046148660911,99
neg,14.0,19.0,0.4448578811369509,0.41107068547732994,0.4258431040734921,0.28454772736353484,0.5407632645754645,95,0.4972902284446606,0.4482558843181838,0.4753222257151839,0.32878797723244474,0.5939190470171891,99
neg,14.0,20.0,0.4679806024565502,0.43300721706867873,0.44742268041237115,0.3046138458314227,0.5641670137601372,95,0.5175527189530157,0.4670026913374488,0.5038509902546369,0.334143791971827,0.6178949007994695,99
neg,14.0,21.0,0.4860613783582882,0.44998569376826353,0.46117157881863763,0.32549069821245524,0.5834720869881018,95,0.5333969418292447,0.48152971195190214,0.5224504859146266,0.3543240815863909,0.6360612133444619,99
neg,14.0,22.0,0.4996679763548193,0.46273639142291356,0.4742570624923566,0.3390903671528547,0.5994817900247955,95,0.5453204329678947,0.49244563554875515,0.5289612254667305,0.372541969757945,0.6473032210102667,99
neg,14.0,23.0,0.5123627482213019,0.47470300513574176,0.4856304268068974,0.34737128198353934,0.6156538786200625,95,0.5564448889043292,0.502686094540869,0.5418639421878894,0.382771368631071,0.6586386803941829,99
neg,14.0,24.0,0.5244982478496336,0.48620245595184425,0.4960254372019078,0.35695234157507727,0.6312942442205784,95,0.5670792533735663,0.5125302385945326,0.5543234487914278,0.3914534808348818,0.670008784805298,99
neg,14.0,25.0,0.5438165020707232,0.5047428380882358,0.5158582089552238,0.37130811750747933,0.6486075231799581,95,0.5840078811670877,0.5284274463179215,0.5679186059097305,0.4049696545739532,0.6898798020281025,99
neg,14.0,26.0,0.561209160737673,0.5215998511254525,0.5291233283803863,0.3887989893697926,0.6685078694629638,95,0.5992491054279802,0.5428959886247137,0.5813399718584262,0.4200526534634814,0.7043445700568334,99
neg,14.0,27.0,0.5750706169693108,0.5351230545576132,0.5502927088877062,0.4006557266228389,0.6810650153205273,95,0.6113959293871251,0.5545080719934623,0.592596601363784,0.43220354108502257,0.7154937524364472,99
neg,14.0,28.0,0.5879508689957877,0.5476406245733952,0.5621903520208605,0.41255276286529585,0.6945437635025178,95,0.6226829219873643,0.5652614647015473,0.6027303754266211,0.4486640400422287,0.7258437801350048,99
neg,14.0,29.0,0.6000438922516017,0.5594337836056167,0.5727215323089876,0.4240719211806132,0.7059608567316126,95,0.6332800643198523,0.5753916976492713,0.6139216432103461,0.459803713507212,0.7355860895608312,99
neg,14.0,30.0,0.6172808042193196,0.5761069957071684,0.5887181645969269,0.4395246545143977,0.7276461493815027,95,0.6483848074126645,0.5897402733983916,0.6276324924785929,0.47245043860810565,0.7580597454731491,99
neg,14.0,31.0,0.634088704824608,0.5926472351518562,0.6073846153846154,0.4561452781955818,0.7453624454821981,95,0.66311360692431,0.6039969752973139,0.6358024691358025,0.4879929651364717,0.7750516307299864,99
neg,14.0,32.0,0.6462284520901915,0.6046641245499551,0.6183076923076923,0.4708501228653309,0.759269917459434,95,0.6737516936072221,0.6143496122440174,0.6465373249389695,0.49444944645552535,0.7874786420863309,99
neg,14.0,33.0,0.658022724859297,0.6163859175666981,0.6293846153846154,0.4860278597911599,0.7721667286722558,95,0.6840870402445742,0.6244379066592576,0.6571534014023865,0.5009070242740471,0.8009914584188885,99
neg,14.0,34.0,0.6690028671551449,0.6273929563054469,0.641343669250646,0.4983410458833396,0.780790194623107,95,0.6937089625942341,0.6339194222693961,0.6701931356870464,0.5087538800314051,0.8101649309922692,99
neg,14.0,35.0,0.6836204028175994,0.6419351818185473,0.6573643410852713,0.5121694021476869,0.7989527246805499,95,0.7065183405875142,0.646455240298301,0.6828638208881781,0.5214186649435386,0.8223036649214659,99
neg,14.0,36.0,0.6994570103713142,0.657795265612172,0.6796622537266757,0.5309750617421499,0.8162667209754078,95,0.7203959939054955,0.6601626317171917,0.7052177964127649,0.5442445709886705,0.8324907858284822,99
neg,14.0,37.0,0.7118133871367385,0.6701723256981172,0.6891483373293026,0.5463081598672931,0.8259114524312143,95,0.7312239134858283,0.6708602755039216,0.715891768292683,0.5593028495052181,0.8463622610691246,99
neg,14.0,38.0,0.7225684046582422,0.6810771301839004,0.6998461538461539,0.5611087899776552,0.8346889151221109,95,0.7406485585107175,0.6802845395475783,0.7237995426829268,0.5704092790835844,0.8539489938178855,99
neg,14.0,39.0,0.7333673144313476,0.6922029396015507,0.7147692307692308,0.5755255046144133,0.8445166089485823,95,0.7501116664102475,0.6899018347329393,0.7308498475609756,0.5802004219780014,0.8614684204491667,99
neg,14.0,40.0,0.7456911259778415,0.7047580853975076,0.73,0.5887996026219524,0.8553719342078049,95,0.7609110490190726,0.7007420646509169,0.7404725609756098,0.5914926846661905,0.873247129257766,99
neg,14.0,41.0,0.759481788255283,0.7190223730901825,0.7449230769230769,0.6058620999139632,0.8671284862585198,95,0.7729958360836356,0.7130836082434936,0.7603415770211822,0.6114550422614676,0.883568690964303,99
neg,14.0,42.0,0.7703373331917455,0.7304215244996921,0.7612307692307693,0.6245818683750874,0.8767147032724474,95,0.7825085734988312,0.7229608408775363,0.7745369856936897,0.6327654514021726,0.8906936656207893,99
neg,14.0,43.0,0.7800247778839687,0.7406266497424753,0.7791511194029851,0.6405153895824051,0.8843497147859662,95,0.7909977021534247,0.7317986891904145,0.7870688699123877,0.647011522952487,0.8983620171791945,99
neg,14.0,44.0,0.7892917064882659,0.7504841273534887,0.788174512055109,0.6515868386742606,0.8905481703205655,95,0.7991183316542014,0.7403337361641712,0.7997116557613397,0.659894112593739,0.9044665727652845,99
neg,14.0,45.0,0.799634703196347,0.761607118527703,0.7987323606792633,0.6572205448432031,0.9004104474051645,95,0.8081819219526236,0.7499864885700135,0.8133525562825773,0.6771229830289347,0.9122503393777759,99
neg,14.0,46.0,0.8113001309688153,0.7741555853147111,0.8127906976744186,0.6668025228231214,0.913182391517246,95,0.8184043614418367,0.7608742411983493,0.8300748044882693,0.6879132362957789,0.9246771415865553,99
neg,14.0,47.0,0.8204297193019716,0.7840933180703017,0.8262273901808785,0.6786789325582347,0.9235343668270575,95,0.8264046393671244,0.7695019561670443,0.8376402584155049,0.6980098427225477,0.9305008892926794,99
neg,14.0,48.0,0.8285129729921065,0.792930562871682,0.8410852713178295,0.6909148798608304,0.9299964666252382,95,0.8334880119904909,0.7771761640333117,0.8461081402257873,0.7068542235977832,0.9368138057569825,99
neg,14.0,49.0,0.8363484478425542,0.8014938227656014,0.8520688830423344,0.7034285738732041,0.9355689723668481,95,0.8403542554828207,0.7846191865505592,0.8526440879382056,0.7146756484350847,0.9431113486320815,99
neg,14.0,50.0,0.8447757601500832,0.8107978740032499,0.8615163836402775,0.7223023988058317,0.9421032106061545,95,0.8477391274138556,0.7927177293866522,0.8615699658703072,0.7242435921591324,0.9480802948257143,99
neg,14.0,inf,1.0,1.0,1.0,1.0,1.0,95,0.9837624632121215,0.9595959595959596,1.0,1.0,1.0,99
neg,16.0,0.0,0.0,0.0,0.0,0.0,0.0,95,0.11915178194775997,0.1098232666083892,0.11201780415430267,0.07909601216601052,0.1511346248033386,99
neg,16.0,1.0,0.00023677911522102253,0.00012778626760331842,0.0,0.0,0.0,95,0.11935650369988039,0.10992789958726651,0.11201780415430267,0.07909601216601052,0.1519704526042737,99
neg,16.0,2.0,0.00905644240096893,0.008123374013515072,0.007112375533428165,0.004102442101993542,0.011089274741987702,95,0.12698207878189316,0.11657920717707555,0.11671612265084075,0.08527166338522665,0.160001209612542,99
neg,16.0,3.0,0.015043366453708965,0.013537103327544124,0.013071895424836602,0.007274535867167918,0.01772172341163923,95,0.13215843726581072,0.12108556933226493,0.12159685863874345,0.08785108647590625,0.16594648506413212,99
neg,16.0,4.0,0.01984208985552169,0.017864001090161244,0.01699346405228758,0.00958815958815959,0.02371611172450287,95,0.13630746477545125,0.12469113406173815,0.12533282616964625,0.09060135587124028,0.16990690078925372,99
neg,16.0,5.0,0.18061080401577378,0.16734532135355729,0.16363636363636364,0.09742678364034904,0.23761440680774354,95,0.2753098122515422,0.24918826339022335,0.2518067706352225,0.158828146801118,0.34899032311253997,99
neg,16.0,6.0,0.20512103000350146,0.18938812459065824,0.1828339258506856,0.11391719841208332,0.2697495523982827,95,0.2965016154407349,0.2675800104965723,0.2776635129576306,0.1772104050431943,0.37197976801067134,99
neg,16.0,7.0,0.21979272499756045,0.20258816628034376,0.19670599229062025,0.12315031499044309,0.28982881095549895,95,0.3091869196448512,0.27859519109727443,0.2904728627999068,0.1857039197614953,0.3902311022148943,99
neg,16.0,8.0,0.23055254200318,0.2122858086708487,0.20955495853288167,0.12830381823348574,0.3012886181943205,95,0.3184899723563598,0.28670794167334696,0.2994409503843466,0.194358712439006,0.40329583784723877,99
neg,16.0,9.0,0.24389253385223836,0.22432094138448927,0.219919943489522,0.13757837823476277,0.315497180893189,95,0.33002387179703513,0.2967675916737559,0.31178662939669227,0.2016102620818551,0.4194974086575364,99
neg,16.0,10.0,0.30137532790319893,0.2786039165526471,0.2744170037001979,0.17828659692908044,0.378885441910652,95,0.37972410952241514,0.3423131696347621,0.3494060097833683,0.23810542443836752,0.4646524729600696,99
neg,16.0,11.0,0.32565164482558706,0.30118814719675246,0.29890475530292526,0.202333334360137,0.3999783774547813,95,0.40071367243527073,0.36127662625589346,0.37285595337218985,0.2584993175920926,0.48774796037296037,99
neg,16.0,12.0,0.34115278423539,0.3153830661351642,0.31650071123755336,0.21748341198649548,0.41608371851960374,95,0.41411612314075424,0.3732054190765284,0.3855120732722731,0.26918144601719907,0.5028880082830782,99
neg,16.0,13.0,0.35365615654400073,0.3267067493861957,0.326749213836478,0.22779827281801784,0.43073925857462814,95,0.42492667239060417,0.38272891283033694,0.3971690258118235,0.2761370606045537,0.5133095858172474,99
neg,16.0,14.0,0.36427677613036913,0.3363340957823083,0.3392708506742134,0.232367866359513,0.44396995032236003,95,0.43410937352662377,0.3908175082440429,0.4076602830974188,0.28174902615303643,0.5224323986029515,99
neg,16.0,15.0,0.39786927496799895,0.36788540456532304,0.3649412788168769,0.2548966625900631,0.4834325191977078,95,0.46315380683199914,0.4173537922926845,0.4455795677799607,0.309834491427909,0.552877065472835,99
neg,16.0,16.0,0.4169981574279761,0.3856393088646731,0.3884652710384029,0.2640427068573692,0.5072555963659555,95,0.4796928429275459,0.4322901150112128,0.4569171852561034,0.31670411499593587,0.5723334483809079,99
neg,16.0,17.0,0.43219076647552135,0.39975123401833906,0.4100896035350436,0.2717317226365218,0.5277126311755551,95,0.49282853498632706,0.4441703063254522,0.46832756994655766,0.3250275048067622,0.5885853766430738,99
neg,16.0,18.0,0.4450600701440191,0.4116452876777507,0.42736048975747587,0.28312843999814297,0.5400849276617625,95,0.5039554723985449,0.45418464160302113,0.4786230745048727,0.3321346071268212,0.6013246521514266,99
neg,16.0,19.0,0.4561915586092886,0.4219180617603688,0.4358370614551448,0.29503427971646223,0.550626002144461,95,0.5135798762239879,0.46283447063878086,0.4894687205281358,0.3356808760013256,0.6123238153439035,99
neg,16.0,20.0,0.48141068691773864,0.4459194882064264,0.45404512933406715,0.3214293373164039,0.5762558583591413,95,0.5353846039316502,0.48310031325143193,0.5223509037774651,0.35243025284686647,0.638070105992616,99
neg,16.0,21.0,0.49944177529805467,0.46294198775871104,0.47234937523196835,0.34033780319232265,0.6003628669137981,95,0.5509744755400932,0.4974941519065415,0.5383195965063353,0.37783724174845906,0.6547557428046032,99
neg,16.0,22.0,0.5124287510116926,0.4752044970832091,0.48348385500433005,0.3496628824895971,0.6168189609224515,95,0.5622031534594254,0.507858259402923,0.5481112674531876,0.38826374880117454,0.6656765550562833,99
neg,16.0,23.0,0.5250727557644952,0.4871885634796463,0.4953606334281826,0.35948384122755156,0.6291912748667381,95,0.5731352950226559,0.5179865399355423,0.5588088711687017,0.39481300351274384,0.6779178305451641,99
neg,16.0,24.0,0.5367552938070064,0.49837743671528073,0.5053816652233082,0.36941762972034475,0.6441501910910867,95,0.5832361421984883,0.5274459934454231,0.567474474105056,0.4048348705915078,0.6924256173121615,99
neg,16.0,25.0,0.5578243299868552,0.5188293059565176,0.5264750378214826,0.3827639054791153,0.6631466491013762,95,0.6014526559235308,0.5447752903663581,0.5830975519744126,0.4215606134209784,0.7103531053160713,99
neg,16.0,26.0,0.5750747647994122,0.5356419044124577,0.5517009546860293,0.4004053226313618,0.6789606725713498,95,0.6163675661189223,0.5590572001064874,0.5967096006061262,0.43705850141901237,0.7211996553068385,99
neg,16.0,27.0,0.5886716261128618,0.5489285425264645,0.5635792778649922,0.4148419877894285,0.6935225157034428,95,0.628123557642201,0.5703421625728746,0.6090102389078498,0.4558730263513757,0.7321959826832721,99
neg,16.0,28.0,0.6012166141447538,0.5611439516048519,0.5708502024291497,0.4265835300874806,0.7052380024735112,95,0.6389700882909084,0.580706570313191,0.6169646253328261,0.4670193461459251,0.7429408987021602,99
neg,16.0,29.0,0.6126221923737034,0.5723094512379338,0.5872576177285319,0.44070639618710655,0.7204306514709407,95,0.6488314730536545,0.5901885147014967,0.6270673188912183,0.47739334368886127,0.7571941089586225,99
neg,16.0,30.0,0.6308168735972631,0.5900728644676664,0.6053696995525251,0.4578433169205425,0.7459991184323538,95,0.6645627887817442,0.605326886999077,0.6397624039133473,0.48759931014547486,0.7811731864508393,99
neg,16.0,31.0,0.6473067451912314,0.6063697616016057,0.6197492163009405,0.4752202389297677,0.7620023137954695,95,0.678820107894567,0.6192107877931666,0.6514197610176025,0.49851434858087196,0.794841558043206,99
neg,16.0,32.0,0.6587898147669806,0.6178536873540855,0.6299346405228758,0.4913534330073004,0.7702337925134324,95,0.6887484925034617,0.6289888490761051,0.6624431049329561,0.5056820449407113,0.8046007168894905,99
neg,16.0,33.0,0.6705699345054617,0.6296029060505846,0.6456209150326797,0.5015158712129035,0.783021046189391,95,0.6989337098559255,0.6389880839722982,0.6746217246893836,0.5150300083702872,0.8148829755515802,99
neg,16.0,34.0,0.6813498418602515,0.6404560888886601,0.6609150326797386,0.5112429792093575,0.7955054945405374,95,0.708254132897917,0.6482418541992809,0.6849550990281708,0.5260664288094888,0.8214579138139347,99
neg,16.0,35.0,0.6970002238638907,0.6561306873240805,0.6777777777777778,0.5348448433783569,0.8122318434367525,95,0.7217856203441311,0.6616134889713716,0.7051948051948052,0.5383039548586837,0.8326347175756719,99
neg,16.0,36.0,0.7125501541216787,0.6717645474820941,0.6918495297805642,0.5524548035637302,0.8248375762358839,95,0.7352302561379304,0.6749742603777951,0.7183689024390244,0.5611928570776896,0.848000904517354,99
neg,16.0,37.0,0.724209731765138,0.6835456885371247,0.7056426332288401,0.5673586573752452,0.8348231707500746,95,0.7453112515074966,0.6850397261074349,0.7263719512195121,0.5740574792462032,0.856747624707527,99
neg,16.0,38.0,0.7346595833835592,0.6942386069292058,0.7189655172413794,0.5803393073651721,0.8425297984122784,95,0.7543463048344111,0.6941829479564787,0.7345655487804879,0.5843839837087221,0.8634674037361799,99
neg,16.0,39.0,0.7453691745162531,0.7054390285291384,0.7330721003134796,0.5966584033856872,0.8495521545425853,95,0.7636059317197124,0.7037546916817589,0.7429496951219512,0.5966716693099503,0.8701760446403108,99
neg,16.0,40.0,0.7585584887465344,0.7189045259263764,0.7537617554858934,0.6137132657253073,0.8617633117613732,95,0.7750095536817656,0.7152504055559318,0.7587889541976267,0.6151339382287082,0.8827157682274245,99
neg,16.0,41.0,0.7720376780148439,0.7329781869722087,0.7690134212385213,0.6297529016849164,0.8758233459150959,95,0.78666380469793,0.7273108996293819,0.7804147720971498,0.6367774212359087,0.8921984909831081,99
neg,16.0,42.0,0.7822320951938144,0.7437884448817684,0.7812573581351542,0.6464997742124686,0.8840980150005449,95,0.7954780066801328,0.7365679125618018,0.7917267383830542,0.65352225769847,0.9002147848053399,99
neg,16.0,43.0,0.791387554315694,0.7534812019212105,0.7887920885330821,0.6539747092053054,0.8896117025441387,95,0.803393914428789,0.7448786912881531,0.8061453478335923,0.6671876282908877,0.905412807517212,99
neg,16.0,44.0,0.8002861439731822,0.7630634081636256,0.8007843137254902,0.6591807892145349,0.9017182511936296,95,0.811087730094842,0.753102482540738,0.8173450149717201,0.6792060457466083,0.9126455432938197,99
neg,16.0,45.0,0.810862277786388,0.7744800546233663,0.8167249066152549,0.669638759510246,0.9110366976425273,95,0.8202319683562208,0.7628945290237569,0.8284597075824549,0.6929674924539647,0.9231534016580327,99
neg,16.0,46.0,0.8219162749048579,0.7864728768101665,0.8342483660130718,0.685039327071202,0.9225466789628112,95,0.8297893723355154,0.7731924718502875,0.8390853451207072,0.7015882782027754,0.9330642161996383,99
neg,16.0,47.0,0.8305364697238438,0.7959422084088776,0.842741935483871,0.6973646659033187,0.9306509539523727,95,0.8372424848505904,0.7813315511325039,0.8486829075064369,0.7094166654819913,0.9403183605208678,99
neg,16.0,48.0,0.8380560004132872,0.8041320915757566,0.855886251355585,0.7106283527043146,0.9363915809599156,95,0.8437439514027782,0.7883803120844908,0.8584300341296929,0.7192035355651746,0.9444804472287597,99
neg,16.0,49.0,0.84553535040439,0.812416261456448,0.865003897116134,0.7238538384125406,0.9435249288417614,95,0.8502106772940002,0.7955210327171169,0.8670923379174853,0.7306014891625945,0.9492820302846999,99
neg,16.0,50.0,0.8537436930653854,0.8216748693371456,0.8701134930643127,0.7332265878499523,0.9484025784947994,95,0.8573076980341748,0.803511043017049,0.8773526879074917,0.7405604215856778,0.9553174979904329,99
neg,16.0,inf,1.0,1.0,1.0,1.0,1.0,95,0.9837624632121215,0.9595959595959596,1.0,1.0,1.0,99
neg,18.0,0.0,0.0,0.0,0.0,0.0,0.0,95,0.12928985126034154,0.11867027138884792,0.11918826219512195,0.08653097300097412,0.16150222655188112,99
neg,18.0,1.0,0.00021925971531086235,0.00011921984527711111,0.0,0.0,0.0,95,0.12947720268197901,0.11876697615039207,0.11918826219512195,0.08653097300097412,0.16366393149207764,99
neg,18.0,2.0,0.008378334816845535,0.0075454075378345534,0.006754682222904513,0.003638675647092222,0.010372837896035093,95,0.1364489088950981,0.12485779051402678,0.12552301255230125,0.09053855324866134,0.16971385059620353,99
neg,18.0,3.0,0.01386563590399619,0.012506039998226711,0.01197420939514891,0.006188430737722956,0.016487386037258578,95,0.14113765738760156,0.12893255116034683,0.1306282722513089,0.09336631585803609,0.17489925522712407,99
neg,18.0,4.0,0.01767436592558819,0.015919694156883966,0.015447583839450753,0.008060390730725052,0.021022404645177302,95,0.14439211287737044,0.1317412542487553,0.1337696335078534,0.09499548252714043,0.17996416998345638,99
neg,18.0,5.0,0.19538654326168428,0.18083810272617587,0.17848736055674957,0.10539501814259096,0.2560726909695187,95,0.2962423012213824,0.26739264858676065,0.274372686137392,0.17696808351145182,0.3733486569208734,99
neg,18.0,6.0,0.21810243058832754,0.201390916894945,0.197216252174803,0.12025632105349762,0.2894610843502773,95,0.3156524047981816,0.28433294036587636,0.296995108315863,0.19174606529419347,0.3996877243220382,99
neg,18.0,7.0,0.23188965573320594,0.21377499607753334,0.21172561120341798,0.12872851279931502,0.30596905272732355,95,0.3274332110792931,0.2945396399065239,0.3085255066387142,0.20006336239162084,0.41617105161656287,99
neg,18.0,8.0,0.2417026170316881,0.22260000697220958,0.22014123426466073,0.1368458780254088,0.3151201623969654,95,0.33581811775098885,0.3018398605571917,0.31667831353365944,0.20500278802877295,0.4259822091473497,99
neg,18.0,9.0,0.25379384649787057,0.233533961152212,0.23107698961937717,0.14522066765493996,0.32814296013857847,95,0.3461497421746661,0.3108672327209293,0.3284416491963662,0.21212024370070914,0.43621308272240855,99
neg,18.0,10.0,0.31755776622267784,0.2939509795061276,0.2908807752206264,0.19286643363364525,0.3914274952972319,95,0.4006342652102058,0.36100390770048973,0.3651444547996272,0.25370134190972604,0.4934980804353498,99
neg,18.0,11.0,0.3402896261113636,0.31500620176763905,0.31264853445999474,0.21382584270092597,0.4140163543256836,95,0.42005801690381306,0.3784920129707841,0.3920066611157369,0.27167343811733596,0.5099816284093432,99
neg,18.0,12.0,0.3540812074095263,0.3275032698835489,0.32838088806348137,0.22116601876400122,0.433911487457162,95,0.43184254539859945,0.3888775273438967,0.40519450267877943,0.27976639554362487,0.5213289149225191,99
neg,18.0,13.0,0.3658428212771951,0.338174263781325,0.33720623184578824,0.2252515057548074,0.45132042080286533,95,0.44189252232087467,0.3977326080869225,0.41665278934221484,0.28830059971582356,0.5308934764990728,99
neg,18.0,14.0,0.3763614794077374,0.34765806472127214,0.34750462107208874,0.22938559944332584,0.4650457828344593,95,0.450880427607907,0.4055904737020439,0.4251457119067444,0.29453830008338155,0.5395019379844961,99
neg,18.0,15.0,0.4127789208646674,0.38199151617280486,0.38415619947767693,0.2574247550527339,0.5017514424264047,95,0.48199813393021096,0.43415168175899305,0.4633796074676879,0.32074476099055416,0.5757034854209413,99
neg,18.0,16.0,0.43165122894344404,0.3996492818507177,0.41014799154334036,0.27331118517248776,0.5226280552672501,95,0.498124004307842,0.448862090312339,0.4739109621828626,0.32692443809794147,0.5952388099701712,99
neg,18.0,17.0,0.4459728088911993,0.4129723256080722,0.4277237123190126,0.2882942903112295,0.5389199049925189,95,0.5103614021330766,0.45994795463369226,0.4858535051870481,0.33451198977267654,0.6088916018180051,99
neg,18.0,18.0,0.4587377900653568,0.42476087556954706,0.4360313315926893,0.30052748500819226,0.5556600528239275,95,0.5212687289384743,0.4697559924913711,0.4959132348318139,0.34082013740997763,0.6201383016208597,99
neg,18.0,19.0,0.46964850199148805,0.434876590278592,0.444813671967719,0.30831540353948034,0.5690044251817974,95,0.530591633456249,0.47817057224653053,0.5066802892172273,0.35361541754957204,0.628522903453136,99
neg,18.0,20.0,0.4963589818798544,0.46043332673591475,0.468125,0.33847408653711974,0.5921973141598936,95,0.553415006972947,0.4995436930540894,0.5394523216798355,0.37437759170099805,0.6585818198905914,99
neg,18.0,21.0,0.5139433206375666,0.4771793848473685,0.486375,0.3541926769110048,0.6179857062943708,95,0.5684403428406942,0.5135592233162873,0.5552548977162031,0.3917422576496116,0.6736402443993423,99
neg,18.0,22.0,0.5271308486803034,0.48974578667944996,0.499125,0.3639666307245485,0.6311337646899868,95,0.5797087243725588,0.524070935216515,0.566295053577227,0.40025750488232303,0.6879755314333917,99
neg,18.0,23.0,0.5392758040369925,0.5014583732549691,0.5124108793240032,0.36986735475836674,0.6444240490810311,95,0.5900862560982267,0.533870986206516,0.5754951834614136,0.4091264509082211,0.700962591996575,99
neg,18.0,24.0,0.5505393643791537,0.5123295281128348,0.5240428790199081,0.3751202285818651,0.6579654791870266,95,0.5997106599236698,0.5429692611180021,0.5845870765234332,0.4191703669796144,0.7122858792758648,99
neg,18.0,25.0,0.5734498265524968,0.5345706147056893,0.5451544758383945,0.3968476691545332,0.677179620812884,95,0.6192870223779486,0.5616331754252482,0.6000738098167057,0.4395122042761882,0.7259996972089269,99
neg,18.0,26.0,0.590782960470813,0.5515844056716952,0.5691056910569106,0.417224030343815,0.6966849272130738,95,0.6340977105904424,0.575953443330058,0.6143722338690892,0.4605823861229734,0.737188874622406,99
neg,18.0,27.0,0.6036452290683204,0.5641528368628052,0.5752574597306576,0.43087617153845115,0.7102154562974475,95,0.6450881668345798,0.5865214441963128,0.6249524534043363,0.4725521824858714,0.7514513720516969,99
neg,18.0,28.0,0.6153748978119042,0.5756661572231105,0.5908502373759171,0.44583920399185095,0.7232801786255056,95,0.655110847523239,0.5962051346621449,0.6365012811553692,0.4830793759099845,0.7661392661769104,99
neg,18.0,29.0,0.6258630628694563,0.5859969362670853,0.6053085886922744,0.4576235748207965,0.7325049490945119,95,0.6640726973145469,0.6048899090836902,0.6482076320185018,0.4891592203320217,0.7754332148829431,99
neg,18.0,30.0,0.6448936445175633,0.6046927163040363,0.6219249028916702,0.4753589228224329,0.7583937253026843,95,0.6803338081223665,0.6206818804260404,0.6572764177635626,0.4959989800119323,0.79789068322509,99
neg,18.0,31.0,0.6611014388374298,0.6207772460692262,0.6381040401373118,0.49324745201970793,0.773489770607868,95,0.6941829244688401,0.6342484077098643,0.6697010702423423,0.5100372694577013,0.8099985092426953,99
neg,18.0,32.0,0.6728979019313731,0.6326131816330961,0.6523633482968049,0.5065465982504405,0.787166270694579,95,0.7042626791005147,0.6442390203473649,0.6805265100258334,0.5241847396557855,0.8171541443053071,99
neg,18.0,33.0,0.6843415166092864,0.6441670378994421,0.6625202812330989,0.5197162837162838,0.7968758157228254,95,0.714040934424521,0.6539854651095524,0.6912289334481486,0.5331858971120146,0.8256744429313004,99
neg,18.0,34.0,0.6949371334478518,0.6549245610711408,0.6764565043894653,0.5371027374112876,0.8078861835930091,95,0.7230945988198101,0.6630723042986764,0.7031746031746032,0.5421817187851201,0.8335828478847201,99
neg,18.0,35.0,0.7108748462640904,0.6709632224011044,0.6971217322418801,0.5543568239625762,0.8229395222493184,95,0.7367129379184388,0.6766258399989707,0.7215129573170732,0.5571063866972935,0.8482894997495758,99
neg,18.0,36.0,0.7260647527665204,0.6863013305076959,0.7130087789305667,0.5711356076910763,0.8365145372676416,95,0.7496922970028735,0.6896182887858269,0.7322789634146342,0.5779709027486966,0.8583874361791991,99
neg,18.0,37.0,0.737878640473601,0.6984176212210046,0.726416600159617,0.5878580779424059,0.8433326614701919,95,0.7597869404892478,0.6998746458310936,0.7415205792682927,0.5893273564547535,0.8661227882308089,99
neg,18.0,38.0,0.7481838470932115,0.7091772954225517,0.7409417398244214,0.6042297895804059,0.8496041895771018,95,0.7685924573062092,0.7089828815727431,0.751048018292683,0.6029241387604254,0.8724271699089495,99
neg,18.0,39.0,0.7581318491435076,0.7195729012027307,0.7564478311840562,0.6204502187663781,0.8579572106129258,95,0.7770927526018273,0.7177794601052669,0.7640053353658537,0.6181203515008271,0.8797088266336608,99
neg,18.0,40.0,0.7715371848504605,0.733380513617113,0.7716591502492286,0.6330122519663286,0.8718163737861082,95,0.7885472448174379,0.7294548259711047,0.7801067073170732,0.634817962618053,0.8921363795013144,99
neg,18.0,41.0,0.7846767952070698,0.7472898292582499,0.7813909328269641,0.6504026760916712,0.8844333867874936,95,0.7997746819988784,0.7412821414998033,0.7992404626273089,0.6577282605490539,0.9021554318612071,99
neg,18.0,42.0,0.794264688585862,0.7575038619492632,0.792647344874538,0.6567231942603902,0.896901090696788,95,0.8079672742973701,0.7499530048842209,0.8124837112327339,0.672706972364284,0.909086750010842,99
neg,18.0,43.0,0.8030103923296853,0.7668278568903241,0.8052152819890843,0.6632065719661222,0.9043579950164757,95,0.8154402386187113,0.7578796925877681,0.8218919818121326,0.68590508789626,0.9168030451480853,99
neg,18.0,44.0,0.8114700420078381,0.7760743025046923,0.8174651303820497,0.671835108411989,0.9148672086471762,95,0.8226687775753997,0.7657398926901663,0.8304436860068259,0.6934509496432484,0.9273081010126266,99
neg,18.0,45.0,0.8219887001383804,0.78749295455478,0.8349302607640995,0.6887488026217035,0.9223194455575735,95,0.831656682862432,0.7754484021300582,0.8433353139235492,0.7033530205860823,0.9350162998565208,99
neg,18.0,46.0,0.8325886731302301,0.799015648729994,0.8439662629757786,0.7036612366108177,0.9320843169272821,95,0.840714069471396,0.7852682269104837,0.8558010318825241,0.7112999100523683,0.9418450883735359,99
neg,18.0,47.0,0.8404733105748525,0.8076674727950431,0.8604382929642446,0.7153690691645471,0.9389930949409804,95,0.8474512762229953,0.7926546475459825,0.8632612966601179,0.724069950647814,0.9465889703353542,99
neg,18.0,48.0,0.8473516766107966,0.8152162365678056,0.8650881932305736,0.7241952773429857,0.9444783756037072,95,0.8533286516156889,0.7991070458902562,0.8720629843769221,0.7343947001195754,0.9522140712141256,99
neg,18.0,49.0,0.8540354678000409,0.8227068406234673,0.8708791208791209,0.7321818137350813,0.9495225778734888,95,0.8590397681309028,0.8055235167284377,0.8883605933815139,0.7451683563296789,0.9565779884154657,99
neg,18.0,50.0,0.8621974470037652,0.8318994483932762,0.8824375337048356,0.7431668470213009,0.9542701189966498,95,0.8660139558198051,0.8134058324594206,0.8969104665825978,0.7569188683016135,0.9607380333388873,99
neg,18.0,inf,1.0,1.0,1.0,1.0,1.0,95,0.9837624632121215,0.9595959595959596,1.0,1.0,1.0,99
neg,20.0,0.0,0.0,0.0,0.0,0.0,0.0,95,0.13784970197475843,0.12606748868947007,0.12647394446557628,0.09158496344690156,0.1705257396433867,99
neg,20.0,1.0,0.00020241074126333637,0.00011017472330097896,0.0,0.0,0.0,95,0.1380209238038046,0.12615595231063695,0.12647394446557628,0.09158496344690156,0.17264929176693883,99
neg,20.0,2.0,0.007314654831016366,0.00657047470906881,0.0063139560200304815,0.0033104002611910564,0.009265979709120842,95,0.1440372618403617,0.13139586819031854,0.13198934956257133,0.09458841268699052,0.17899975674806917,99
neg,20.0,3.0,0.012283985203481465,0.0110525542710225,0.010886131069018071,0.00534112113112567,0.015121517157740879,95,0.14824088181723435,0.1350326165479819,0.13598326359832635,0.09678818697910846,0.18558290512331665,99
neg,20.0,4.0,0.016131256031986764,0.01448851690050348,0.014356520252948214,0.00711719672900267,0.018890055247279394,95,0.1514953373070032,0.13782727509185325,0.1393979057591623,0.09869050581241831,0.1913693366000876,99
neg,20.0,5.0,0.20762208447861633,0.1920163942432442,0.19097186437184377,0.11265874780188104,0.27535054527347724,95,0.31347987274992184,0.2823086000270567,0.29571395294665737,0.19027866762667342,0.39700187692597855,99
neg,20.0,6.0,0.2285965308559041,0.21102437890387207,0.20931670617334844,0.12488727327216782,0.3005649257895681,95,0.33122242460035833,0.2978227188122728,0.3128348474260424,0.2021258953119332,0.42165693391949693,99
neg,20.0,7.0,0.24135867476700765,0.2224487639348373,0.22163055453543887,0.13504296365224427,0.3124642412113202,95,0.3420180849955085,0.3071510532225618,0.3240158397391102,0.2091823760926539,0.4329324320879956,99
neg,20.0,8.0,0.250719438178186,0.23090786940930572,0.22930283224400871,0.1428476875272527,0.3232876449676531,95,0.3499364742199481,0.3140727732616362,0.33193570929419985,0.2145311843040214,0.4403789202852211,99
neg,20.0,9.0,0.2621145762135111,0.24123166410434832,0.2468409586056645,0.15037050690980225,0.33890825583201917,95,0.3595757669000908,0.3225030366131694,0.3398302420622446,0.221114844847348,0.45012620671661263,99
neg,20.0,10.0,0.3307670193698279,0.30640324434853433,0.3074074074074074,0.19914296707588086,0.40606922927418077,95,0.4176497446561419,0.37610450310785215,0.38341099720410066,0.2666454609939891,0.5105299097152007,99
neg,20.0,11.0,0.3517825345931691,0.32573653162231503,0.32370534951290375,0.21664993955358897,0.4337455065294483,95,0.4354270371675443,0.39200166175154216,0.40787328208711854,0.2823464306557447,0.5264620354107363,99
neg,20.0,12.0,0.36517097840658747,0.3378605660073213,0.3361758827448368,0.22266136606469566,0.4541800388736721,95,0.4467524926424243,0.4019563788587312,0.4234804329725229,0.29131168688527076,0.5362914023960536,99
neg,20.0,13.0,0.3765998515654564,0.34818738451419345,0.34763491005996,0.22756941384712312,0.46808930719274683,95,0.45642032229407475,0.4104350520785765,0.4331390507910075,0.29831314420091803,0.5461425299506695,99
neg,20.0,14.0,0.3865898483679534,0.3572387397530207,0.357761492338441,0.23317648038761227,0.47880710395880705,95,0.4648709880740274,0.41786145318984674,0.44063280599500415,0.30340625341781347,0.5530248414376322,99
neg,20.0,15.0,0.4260247410462582,0.3946046495939887,0.40850207521066534,0.2708620457122352,0.5149733123488873,95,0.49822946702863125,0.4486654249326987,0.47630445189085685,0.3282572053547882,0.5924027023697012,99
neg,20.0,16.0,0.4443033110290386,0.4117772215040204,0.425399856767725,0.29018526575735026,0.533414670971139,95,0.5136915426342354,0.46284337838281575,0.48656082992769567,0.33667303636006596,0.6107743621657584,99
neg,20.0,17.0,0.4584221936044073,0.42488828899354086,0.43447123418476963,0.2975397212911111,0.5540769535322861,95,0.5256348855791516,0.4736401242228181,0.4982709839673059,0.3479687118024005,0.6234707540521494,99
neg,20.0,18.0,0.47063430832729525,0.43623860756706256,0.44616853664359035,0.30677912585112194,0.5716743833010078,95,0.5359652692649373,0.4829858008374516,0.5084093052499215,0.35799313741121175,0.6338279514114036,99
neg,20.0,19.0,0.4812212701420689,0.4460541458548084,0.45595607543566485,0.3140593098130675,0.582420854905897,95,0.5449209153667869,0.4910745053768117,0.5218961099464244,0.3630159682575516,0.6431884969524057,99
neg,20.0,20.0,0.5096365113775371,0.4733962043748878,0.47831021437578813,0.35421258859743293,0.6088140534960376,95,0.5689577305415077,0.5137626088030506,0.5522242666955298,0.39034929090096715,0.6763340633479081,99
neg,20.0,21.0,0.527365052172102,0.49047316842241107,0.49940039973351097,0.36513207024281435,0.6295619605665861,95,0.5839545294377472,0.5279420211522874,0.5685680268427319,0.40352803234609147,0.693363631570717,99
neg,20.0,22.0,0.5399555869764823,0.50265944985053,0.5136933312703079,0.37145926223455633,0.645224311993311,95,0.5946050234995757,0.5380580603163515,0.578309340837753,0.412992056040824,0.7057274652588732,99
neg,20.0,23.0,0.5518288837194294,0.514094207274525,0.5251850083552161,0.3761891167277708,0.6597913876518215,95,0.6046487967323927,0.5475359892978899,0.5895644071744701,0.4233712612991411,0.7161257339306664,99
neg,20.0,24.0,0.5629541407664034,0.5247798562692366,0.5409405586058725,0.3840453743676153,0.6728926376388666,95,0.6140597936404739,0.5564035552239268,0.5984301021679541,0.4345449763592103,0.7256112500280325,99
neg,20.0,25.0,0.5870219512982155,0.5482306361239431,0.5649074708704592,0.4145879407687876,0.696986787425666,95,0.6344190617043768,0.5759256075623072,0.6133788395904437,0.4617453707669018,0.7437038999507402,99
neg,20.0,26.0,0.6039511163392404,0.5649885253321617,0.5774816788807462,0.4326091921747136,0.7140484190959575,95,0.6487396584496732,0.589937064898861,0.626706780837769,0.4785341878630987,0.7580701506090837,99
neg,20.0,27.0,0.616327506446342,0.5771849179337525,0.591552362290442,0.44788319397703635,0.7247786483175516,95,0.6592090047793223,0.600107665939064,0.6415094339622641,0.4875254875358042,0.7709809319563377,99
neg,20.0,28.0,0.6271256794693905,0.5878410326150647,0.607728181212525,0.4610097079081167,0.7316911656647369,95,0.668343317137568,0.6089998276391613,0.6521906719773866,0.49156694693628866,0.7789214613958674,99
neg,20.0,29.0,0.6376055689355249,0.5982255300755667,0.622113365990203,0.4750374742612725,0.7440643183231404,95,0.6772083893733281,0.6176495912918532,0.6601567518951561,0.4969992106771728,0.7882274918659605,99
neg,20.0,30.0,0.6578554435288699,0.6182457039315954,0.6383627258872197,0.4944125762046304,0.7743109141597532,95,0.6943380167052949,0.6344347011135106,0.6700701193258704,0.5141769045684147,0.8084995527728086,99
neg,20.0,31.0,0.6741275070330399,0.6345053286137105,0.6520255394099516,0.509069676719216,0.7867791637694195,95,0.7081027628751371,0.6480435033759027,0.6839709681387625,0.5302601398941026,0.817641358869129,99
neg,20.0,32.0,0.68541117248622,0.6459249678972244,0.6663972846290609,0.5242437382358589,0.7992359833949432,95,0.7176477594755153,0.6576067245438357,0.6969283276450512,0.5388614190682222,0.8272629753388203,99
neg,20.0,33.0,0.6962225462097855,0.6568441608738964,0.6827218361079683,0.5420564924826468,0.8096276302391909,95,0.7267932384747857,0.6667449830824901,0.7092150170648465,0.5471346987067573,0.8362147131856739,99
neg,20.0,34.0,0.7063460167619562,0.6671644618305423,0.6980679546968688,0.5554570425867511,0.8176827418666412,95,0.7353568114028776,0.675394970644569,0.722457337883959,0.5557460149626952,0.8442864295714396,99
neg,20.0,35.0,0.7232238457454142,0.6842858574657763,0.716825602068854,0.5733984610646903,0.8332549986994652,95,0.7496339823219665,0.6897650714176569,0.7331058020477815,0.5732410056251622,0.8565444650773897,99
neg,20.0,36.0,0.7384897225212751,0.6997215514184841,0.7333492480305562,0.5934383408919592,0.8434540085242346,95,0.7625475822981443,0.7027329748813693,0.7472370426829268,0.5919127643742861,0.8660378596446529,99
neg,20.0,37.0,0.7500696703638406,0.711780314751866,0.7512532824063022,0.6119245742195025,0.8491469187963407,95,0.7723432079526336,0.7128544954767971,0.7576219512195121,0.6086479243026885,0.8744365909621218,99
neg,20.0,38.0,0.7598572564250743,0.7220229393846579,0.7583813321518239,0.6257918511658808,0.8571916357800989,95,0.7806226519035401,0.7214513933382561,0.7718771331058021,0.6226469068089908,0.8820854722459879,99
neg,20.0,39.0,0.7695671050277068,0.7322075337262042,0.7658894070619587,0.6362474119887853,0.8691790863574473,95,0.7888363367461897,0.7300143832670007,0.7830716723549488,0.6362533906924143,0.8888345377565257,99
neg,20.0,40.0,0.7832092956399553,0.7464617716747165,0.7813320601575555,0.650480215971739,0.8867664970355873,95,0.8003764398763232,0.7419935060492412,0.8041438623924941,0.6552346272723136,0.901075207075303,99
neg,20.0,41.0,0.795777829276807,0.759804201991435,0.7931118710307767,0.6602894342450356,0.8991971239389936,95,0.8110083228697771,0.7532505915713302,0.8137868126140214,0.6768468597313985,0.912359163024597,99
neg,20.0,42.0,0.8047660395845007,0.7693640684603931,0.8071568148510014,0.6676827015294624,0.906553753829556,95,0.8186115646697404,0.7613027054460061,0.8248863258289897,0.6902558122427764,0.9190106582093986,99
neg,20.0,43.0,0.8129636746056658,0.7782489543628639,0.820591108939912,0.6786661055266567,0.9156012159692735,95,0.8255460487461103,0.768801318826484,0.8370855051569258,0.6967791197409579,0.9275629379870621,99
neg,20.0,44.0,0.821174510327348,0.7873082139531951,0.8321934538348803,0.6896705296779257,0.9228258588588435,95,0.832491699463505,0.7764526491181879,0.8439294909883145,0.7023545579707269,0.9356884788152564,99
neg,20.0,45.0,0.8315047918542877,0.7985260372468247,0.844880174291939,0.7026180563271818,0.9298704111742518,95,0.8412302164343178,0.785940096258862,0.8500693206575559,0.7109299394240391,0.9400989364687721,99
neg,20.0,46.0,0.8413070453605405,0.8092573708967387,0.8603322949117341,0.7129134684054171,0.9393417817921526,95,0.8495220677641407,0.7950271730837334,0.8652259332023575,0.7266516286379832,0.9479452562866256,99
neg,20.0,47.0,0.8486613022931083,0.8173042394011518,0.8649476228847703,0.7250967898940289,0.9454495528307315,95,0.8557431275528182,0.8018534450628336,0.8816582605486529,0.7399545677982196,0.9534158760603259,99
neg,20.0,48.0,0.8550533748324245,0.8243683375699077,0.872809863724854,0.7343210066198694,0.9496234168404385,95,0.8611502632845806,0.8078616207721998,0.8881704069988589,0.7518344877033358,0.9577019678239291,99
neg,20.0,49.0,0.8614850494732921,0.8314710065637287,0.8825438027255029,0.7423862381802089,0.9531830780879971,95,0.8665908989394172,0.8139014363662896,0.8962875125421873,0.7626970537955886,0.9612596694030036,99
neg,20.0,50.0,0.8698762947687091,0.840806631652839,0.8927558161528277,0.7567280647984157,0.9605075080600751,95,0.8736891604174835,0.8218646937914857,0.9043293975174084,0.7750916233568117,0.9639014815390325,99
neg,20.0,inf,1.0,1.0,1.0,1.0,1.0,95,0.9837624632121215,0.9595959595959596,1.0,1.0,1.0,99
